Old,New
'''008.8''',VIRAL GASTROENTERITITIS#008.8
'''011.9''',PULMONARY TUBERCULOSIS#011.9
'''015.0''',POT DISEASE#015.0
'''015.02''',TUBERCULOSIS SPINAL COLUMN TESTS NOT KNOWN#015.02
'''015.10''',HIP TUBERCULOSIS#015.10
'''034.0''',STREPTOCOCCAL PHARYNGITIS#034.0
'''035''',ERYSIPELA lower right limb#035
'''039.1''',ACTINOMYCOTIC LUNG INFECTION#039.1
'''041.86''',HELICOBACTER PYLORI INFECTION#041.86
'''042''',HUMAN HIV IMMUNODEFICIENCY VIRUS INFECTION#042
'''052''',CHICKENPOX#052
'''052.9''',CHICKENPOX#052.9
'''053.9''',SHINGLES#053.9
'''054.43''',DISCIFORM KERATITIS FROM HERPES SIMPLEX#054.43
'''056.9''',RUBELLA#056.9
'''070.1''',HEPATITIS A#070.1
'''070.3''',HEPATITIS B#070.3
'''070.32''',CHRONIC VIRAL HEPATITIS B#070.32
'''070.5''',Acute VIRAL HEPATITIS C#070.5
'''070.54''',CHRONIC HEPATITIS C 3rd#070.54
'''075''',INFECTIOUS MONONUCLEOSIS#075
'''078.10''',Plantar WARTS#078.10
'''082.1''',BUTTON FEVER#082.1
'''091.0''',PRIMARY GENITAL SYPHILIS#091.0
'''099.4''',Recurrent non-gonococcal urethritis#099.4
'''110.1''',ONYCOMYCOSIS LEFT TOE#110.1
'''110.2''',TINEA MANUUM#110.2
'''110.3''',TINEA CRURIS#110.3
'''110.8''',DERMATOPHYTOSIS other locations - MYCOSIS - inguinal#110.8
'''110.9''',MYCOSIS#110.9
'''111.8''',OTHER DERMATOMYCOSES others#111.8
'''112.0''',MOUTH CANDIDIASIS#112.0
'''112.1''',CANDIDA VULVOVAGINITIS#112.1
'''133.0''',SCABIES#133.0
'''135''',SARCOIDOSI#135
'''144.9''',K FLOOR MOUTH#144.9
'''150.9''',K ESOPHAGUS#150.9
'''151.4''',K BODY STOMACH#151.4
'''151.9''',K STOMACH#151.9
'''153.1''',K TRANSVERSE COLON#153.1
'''153.2''',K LEFT COLON#153.2
'''153.3''',K SIGMA#153.3
'''153.6''',K RIGHT COLON#153.6
'''153.9''',K COLON#153.9
'''154.0''',K RECTOSIGMOID JUNCTION#154.0
'''154.1''',K RIGHT#154.1
'''155.0''',K PRIMITIVES LIVER#155.0
'''155.2''',K LIVER#155.2
'''157.0''',K HEAD PANCREAS#157.0
'''157.9''',K PANCREAS#157.9
'''161.9''',K LARYNX#161.9
'''162.2''',K BRONCHI#162.2
'''162.9''',K PULMONARY#162.9
'''170.7''',K LONG BONES LOWER LIMB#170.7
'''171.9''',K CONNECTIVE AND OTHER SOFT TISSUES#171.9
'''172.5''',TRUNCAL MELANOMA Clark level III#172.5
'''172.9''',CUTANEOUS MELANOMA#172.9
'''173.3''',OTHER K SKIN FOREHEAD sarcomatoid carcinoma#173.3
'''173.9''',SPINOCELLULAR EPITHELIOMA#173.9
'''174.3''',K BREAD RIGHT INTERNAL LOWER QUADRANT Interv. of QUART with emptying. armpit cable#174.3
'''174.4''',K UPPER-EXTERNAL DIAL OF WOMEN'S BREAST#174.4
'''174.9''',K UDDLE#174.9
'''179''',K UTERUS#179
'''179.0''',K UTERUS#179.0
'''180.1''',K EXOCERVIX#180.1
'''180.9''',K CERVIX#180.9
'''182.0''',K BODY OF THE UTERUS EXCEPT LISTMO#182.0
'''183.0''',K OVARY#183.0
'''185''',K PROSTATE#185
'''185.0''',K PROSTATE#185.0
'''186.0''',K TESTICLE#186.0
'''186.9''',K TESTICLE#186.9
'''187.1''',K FORESKIN#187.1
'''187.4''',K PENIS#187.4
'''188.0''',K BLADDER TRIGONE#188.0
'''188.9''',K BLADDER#188.9
'''189.0''',K RIGHT KIDNEY#189.0
'''191.9''',K BRAIN#191.9
'''193''',K Papillary THYROID#193
'''193.0''',K THYROID#193.0
'''195.3''',K K PELVIS#195.3
'''197.0''',META LUNG#197.0
'''197.7''',LIVER METASTASES from K colon#197.7
'''198.3''',BRAIN AND SPINAL CORD METASTASIS#198.3
'''200.1''',NODAL MARGINAL B LYMPHOMA#200.1
'''201.6''',HODGKIN DISEASE MIXED CELLULARITY#201.6
'''201.9''',HODGKIN'S DISEASE#201.9
'''202.0''',Lymphoma#202.0
'''202.4''',HAIRY CELL LEUKEMIA#202.4
'''202.9''',LYMPHOMA with gastric localization#202.9
'''203.0''',MULTIPLE MYELOMA#203.0
'''204.1''',CHRONIC LYMPHOID LEUKEMIA#204.1
'''204.11''',CHRONIC LYMPHOID LEUKEMIA IN REMISSION#204.11
'''205.0''',ACUTE MYELOID LEUKEMIA#205.0
'''205.1''',CHRONIC MYELOID LEUKEMIA#205.1
'''207.2''',ESSENTIAL THROMBOCYTHEMIA#207.2
'''208.8''',OTHER ACUTE LEUKEMIAS ACUTE LYMPHOBLASTIC#208.8
'''211.3''',COLON POLYPS#211.3
'''211.9''',TB INTESTINAL TRACT#211.9
'''214.0''',Inflammatory LIPOMA of the back#214.0
'''218.0''',UTERUS FIBROMYOMA#218.0
'''218.9''',UTERINE FIBROMYOMA#218.9
'''218.O''',UTERUS FIBROMA#218.O
'''220.0''',TB OVARY#220.0
'''221.9''',ADENOMATOUS POLYP with low grade dysplasia of the colon#221.9
'''225.1''',TB CRANIAL NERVES#225.1
'''225.2''',CEREBRAL MENINGIOMA#225.2
'''227.0''',TB ADRENAL GLANDS#227.0
'''227.3''',PITUITARY ADENOMA#227.3
'''233.0''',K IN SITU BREAST#233.0
'''235.0''',UNCERTAIN PAROTID TUMOUR#235.0
'''235.5''',UNCERTAIN PANCREAS CANCER#235.5
'''235.7''',MULTIPLE PULMONARY NODULES OF NDD#235.7
'''237.2''',UNCERTAIN TUMOR ADRENAL GLANDS on the left (1 cm)#237.2
'''237.7''',NEUROFIBROMATOSIS RECKLINGHAUSEN#237.7
'''238.4''',POLYCYTHEMIA VERA#238.4
'''238.7''',CHRONIC MYELOPROLIFERATIVE DISEASE#238.7
'''239.3''',BREAST NODULE#239.3
'''239.7''',ENDOCRINE GLAND CANCER NATURE UNSPECIFIED#239.7
'''239.9''',Papillary neoplasm on lateral neck cyst#239.9
'''240.9''',GOITER#240.9
'''241.0''',THYROID NODULE#241.0
'''241.1''',NON-TOXIC MULTINODULAR GOITER#241.1
'''241.9''',NON-TOXIC NODULAR GOITER#241.9
'''242.0''',Graves disease#242.0
'''242.1''',TOXIC UNINODULAR GOITER#242.1
'''242.10''',Toxic uninodular goiter without thyrotoxic crisis#242.10
'''242.2''',TOXIC MULTINODULAR GOITER#242.2
'''242.3''',TOXIC NODULAR GOITER#242.3
'''242.9''',SUSPENDED HYPERTHYROIDISM Hashitoxicosis#242.9
'''243''',CONGENITAL HYPOTHYROIDISM#243
'''244.0''',POST-SURGICAL HYPOTHYROIDISM#244.0
'''244.3''',IATROGENIC HYPOTHYROIDISM#244.3
'''244.8''',ACQUIRED HYPOTHYROIDISM OTHER#244.8
'''244.9''',HYPOTHYROIDISM from chronic thyroiditis#244.9
'''245.1''',SUBACUTE THYROIDITIS#245.1
'''245.2''',HASHIMOTO THYROIDITIS#245.2
'''245.8''',CHRONIC THYROIDITIS#245.8
'''245.9''',THYROIDITIS#245.9
'''246.2''',THYROID CYSTS#246.2
'''251.1''',HYPERINSULINISM#251.1
'''252.0''',PRIMARY HYPERPARATHYROIDISM Parathyroid adenoma#252.0
'''252.1''',HYPOPARATHYROIDISM#252.1
'''253.0''',ACROMEGALY AND GIGANTISM#253.0
'''253.1''',HYPERPROLACTINEMIA#253.1
'''253.3''',ISOLATED GROWTH HORMONE DEFICIT GH DEVELOPMENTAL AGE#253.3
'''272.0''',HYPERCHOLESTEROLEMIA#272.0
'''272.1''',ISOLATED OR SPORADIC HYPERTRIGLYCERIDEMIA#272.1
'''272.2''',DYSLIPIDEMIA#272.2
'''272.4''',DYSLIPIDEMIA - HYPERLIPIDEMIA -#272.4
'''273.1''',MONOCLONAL GAMMAPATHY of uncertain significance#273.1
'''274.0''',GOUTY ARTHROPATHY < GOUT >#274.0
'''274.9''',GOUT#274.9
'''275.4''',Parathyroid-free hypocalcemia#275.4
'''277.4''',GILBERT SYNDROME#277.4
'''277.5''',MUCOPOLYSACCHARIDOSIS#277.5
'''277.8''',HISTOCYTOSIS#277.8
'''278.0''',OBESITY#278.0
'''278.00''',OBESITY#278.00
'''278.01''',SEVERE OBESITY#278.01
'''279.00''',HYPOGAMMAGLOBULINEMIA#279.00
'''280''',IRON FREE ANEMIA#280
'''280.9''',SIDE OPENING ANEMIA#280.9
'''281.0''',PERNICIOUS ANEMIA#281.0
'''281.1''',VITAMIN B12 DEFICIENCY ANEMIA < MEGALOBLASTIC >#281.1
'''281.9''',MACROCYTIC ANEMIA#281.9
'''282.4''',THALASSEMIA MINOR#282.4
'''282.7''',HEMOGLOBINOPATHY#282.7
'''284.9''',APLASTIC ANEMIA#284.9
'''285.9''',mild normochromic ANEMIA macrocytic#285.9
'''287.0''',SCHOENLEIN-HENOCH VASCULAR PURPURA#287.0
'''287.2''',PURPLE#287.2
'''287.3''',PRIMARY THROMBOCYTOPENIA#287.3
'''287.5''',THROATLINE PENIA#287.5
'''288.0''',NEUTROPENIA#288.0
'''288.3''',EOSINOPHILIA Disease caused by eosinophilic infiltrates#288.3
'''289.0''',SUSPECTED: POLYCYTHEMIA probably. secondary to the s. disventitaloria#289.0
'''289.3''',LYMPHADENITIS right armpit#289.3
'''289.8''',MYELOFIBROSIS#289.8
'''290.0''',SENILE DEMENTIA#290.0
'''290.1''',PRESENILE DEMENTIA#290.1
'''290.20''',SENILE PSYCHOSIS#290.20
'''290.4''',ARTERIOSCLEROTIC DEMENTIA#290.4
'''290.40''',ARTERIOSCLEROTIC DEMENTIA#290.40
'''291.0''',DELIRIUM TREMENS#291.0
'''295.0''',SCHIZOPHRENIC PSYCHOSIS SIMPLE TYPE#295.0
'''295.3''',PARANOID TYPE SCHIZOPHRENIC PSYCHOSIS#295.3
'''295.70''',SCHIZOAFFECTIVE TYPE#295.70
'''296.0''',MANIC DEPRESSIVE PSYCHOSIS OF MANIC TYPE#296.0
'''296.2''',ENDOGENOUS DEPRESSION#296.2
'''296.3''',MAJOR DEPRESSION RECURRING EPISODE#296.3
'''296.7''',BIPOLAR AFFECTIVE SYNDROME#296.7
'''296.8''',MANIC-DEPRESSIVE PSYCHOSIS#296.8
'''296.80''',MANIC-DEPRESSIVE PSYCHOSIS#296.80
'''298.0''',DEPRESSIVE PSYCHOSIS#298.0
'''298.9''',PSYCHOSIS#298.9
'''300.0''',ANXIETY#300.0
'''300.00''',ANXIETY#300.00
'''300.01''',PANIC ATTACK#300.01
'''300.4''',ANXIOUS DEPRESSION#300.4
'''300.7''',BODY DYSMORPHIC SYNDROME#300.7
'''302.72''',ERECTILE DYSFUNCTION#302.72
'''302.75''',PSYCHOSEXUAL DYSFUNCTION WITH PREMATURE EJACULATION#302.75
'''303.0''',CHRONIC ALCOHOLISM#303.0
'''303.9''',CHRONIC ALCOHOLISM#303.9
'''304.3''',CANNABIS DRUG ADDICTION#304.3
'''306.2''',HEART PALM#306.2
'''307.4''',INSOMNIA#307.4
'''307.51''',BULIMIA#307.51
'''307.8''',TENSION HEADACHE#307.8
'''307.81''',TENSION HEADACHE#307.81
'''308.0''',ANXIETY EMOTIONAL CRISIS OR PANIC STATE DUE TO STRESS#308.0
'''310.1''',COGNITIVE DEFICIT#310.1
'''311''',DEPRESSION#311
'''311.''',DEPRESSION#311.
'''315.02''',DYSLEXIA DEVELOPMENT#315.02
'''316.''',FUNCTIONAL COLONPATHY < SPASTIC COLITIS >#316.
'''322.9''',VIRAL MENINGITIS FROM TUSCANY VIRUS#322.9
'''331.0''',ALZHEIMER'S DISEASE#331.0
'''331.4''',ACQUIRED HYDROCEPHALUS#331.4
'''332.0''',PARKINSON'S DISEASE#332.0
'''332.1''',SECONDARY PARKINSONISM#332.1
'''333.0''',PROGRESSIVE SUPRANUCLEAR PARALYSIS#333.0
'''333.1''',BENIGN ESSENTIAL TREMOR#333.1
'''333.6''',DYSTONIA MUSCULORUM DEFORMANS#333.6
'''333.9''',EXTRAPYRAMIDAL SYNDROME#333.9
'''333.90''',EXTRAPYRAMIDAL DISEASES AND MOVEMENT DISORDERS#333.90
'''335.20''',AMYOTROPHIC LATERAL SCLEROSIS#335.20
'''336.0''',SYRINGOMYELIA - SYRINGOBULBIA -#336.0
'''336.9''',Lumbar spondylogenous myelopathy#336.9
'''340''',MULTIPLE SCLEROSIS < SAP >#340
'''341.0''',OPTICAL NEUROMYELITIS#341.0
'''342.9''',LEFT HEMIPARESIS#342.9
'''343.2''',TETRAPLEGIA in cervical myelic fracture#343.2
'''343.9''',CONGENITAL SPASTIC CEREBRAL PALSY#343.9
'''345.0''',GENERALIZED NON-CONVULSIVE EPILEPSY#345.0
'''345.1''',GENERALIZED CONVULSIVE EPILEPSY#345.1
'''345.5''',PARTIAL EPILEPSY#345.5
'''345.9''',EPILEPSY#345.9
'''346.0''',MIGRAINE WITH AURA#346.0
'''346.1''',Common migraine#346.1
'''346.9''',MIGRAINE#346.9
'''348.3''',MULTIINFARTUAL ENCEPHALOPATHY#348.3
'''350.1''',TRIGEMINAL NEURALGIA#350.1
'''351.0''',BELL PARALYSIS#351.0
'''354.0''',LEFT CARPAL TUNNEL SYNDROME#354.0
'''355.6''',METARSALGIA MORTON NEURALGIA OR NEURINOMA on the right#355.6
'''357.7''',POLYNEUROPATHY DUE TO OTHER TOXIC AGENTS#357.7
'''357.9''',TOXIC AND INFLAMMATORY NEUROPATHIES#357.9
'''358.0''',SEVERE MYASTHENIA#358.0
'''359.0''',BENIGN CONGENITAL MYOPATHY#359.0
'''359.9''',GAIT DISORDERS#359.9
'''361.9''',RETINAL DETACHMENT#361.9
'''362.34''',AMAUROSIS FUGAX#362.34
'''362.35''',CENTRAL RETINA VEIN OCCLUSION#362.35
'''362.5''',MACULAR DEGENERATION#362.5
'''362.50''',MACULOPATHY#362.50
'''364.0''',IRIDOCYCLITIS#364.0
'''364.02''',RECURRENT ANTERIOR UVEITIS#364.02
'''364.3''',UVEITIS#364.3
'''365.0''',GLAUCOMA LIMIT#365.0
'''365.04''',Ocular hypertension#365.04
'''365.1''',OPEN ANGLE GLAUCOMA#365.1
'''365.11''',Simple chronic GLAUCOMA#365.11
'''365.9''',GLAUCOMA#365.9
'''366.1''',SENILE CATARACT Interv. of phacoemulsification and implantation#366.1
'''366.9''',CATARACT#366.9
'''368.2''',DIPLOPIA#368.2
'''368.4''',VISUAL FIELD DEFECTS right homonymous hemianopia#368.4
'''369.0''',THEY GIVE DEEP VISION IN BOTH EYES#369.0
'''369.20''',VISION DEFICIT#369.20
'''369.24''',MODERATE BLINDNESS BETTER EYE OTHER SERIOUS IMPAIRMENT#369.24
'''369.60''',BLINDNESS?ɂǨ RIGHT#369.60
'''369.9''',HYPOVISUS#369.9
'''370.9''',HERPETIC KERATITIS#370.9
'''371.6''',KERATOCONUS#371.6
'''372.30''',CONJUNCTIVITIS#372.30
'''373.2''',CALAZIO SX#373.2
'''374.30''',EYELID PTOSIS#374.30
'''377.3''',OPTICAL NEURITIS OD#377.3
'''377.31''',OPTICAL PAPILLITIS#377.31
'''378.0''',EXOTROPIA#378.0
'''378.54''',SIXTH NERVE PARESIS OR ABDUCENT NERVE OS#378.54
'''379.21''',VITREAL DETACHMENT#379.21
'''379.23''',VITREAL HEMORRHAGE#379.23
'''380.1''',INFECTIOUS OTITIS EXTERNAL#380.1
'''380.10''',ACUTE OTITIS EXTERNAL#380.10
'''381.1''',CHRONIC SEROUS OTITIS MEDIA#381.1
'''381.4''',CATARRAL OTITIS MEDIA#381.4
'''382.9''',OTITIS MEDIA#382.9
'''385.30''',CHOLESTEATOMA#385.30
'''386.0''',MENIERE DISEASE#386.0
'''386.11''',BENIGN PAROXYSTICAL POSTURAL VERTIGO#386.11
'''386.12''',VESTIBULAR NEURONITIS#386.12
'''387.2''',COCHLEAR OTOSCLEROSIS Au right#387.2
'''387.9''',OTOSCLEROSIS#387.9
'''388.01''',PRESBYACUSIS#388.01
'''388.3''',TINNITUS#388.3
'''388.30''',TINNITUS Au left#388.30
'''389.1''',NEUROSENSORIAL DEAFNESS#389.1
'''389.7''',DEAF MUTE#389.7
'''389.9''',HEARING IMPAIRMENT#389.9
'''394.0''',Mitral stenosis#394.0
'''394.9''',RHEUMATIC MITRAL VALVULOPATHY#394.9
'''397.9''',CHRONIC RHEUMATIC VALVULOPATHY#397.9
'''401.0''',ESSENTIAL HYPERTENSION#401.0
'''401.1''',BENIGN ARTERIAL HYPERTENSION#401.1
'''401.9''',ARTERIAL HYPERTENSION#401.9
'''402.9''',HYPERTENSIVE HEART DISEASE#402.9
'''410''',ACUTE MYOCARDIAL INFARCTION#410
'''410.''',ACUTE MYOCARDIAL INFARCTION#410.
'''410.7''',NON Q heart attack#410.7
'''410.9''',ACUTE MYOCARDIAL INFARCTION#410.9
'''410.90''',ACUTE MYOCARDIAL INFARCTION#410.90
'''411.1''',INTERMEDIATE CORONARY SYNDROME#411.1
'''412''',PREVIOUS MYOCARDIAL INFARCTION#412
'''413.9''',ANGINA PECTORIS#413.9
'''414.0''',ARTERIOSCLEROTIC HEART DISEASE#414.0
'''414.8''',CHRONIC MYOCARDIAL ISCHEMIA#414.8
'''414.9''',CHRONIC CARDIAC ISCHEMIA#414.9
'''415.1''',PULMONARY EMBOLISM#415.1
'''416.9''',CHRONIC HEART OF LUNG#416.9
'''424.0''',MITRAL INSUFFICIENCY#424.0
'''424.1''',AORTIC STENOSIS#424.1
'''424.2''',TRICUSPIS INSUFFICIENCY#424.2
'''425.1''',STENOSING HYPERTROPHIC MYOCARDIOPATHY#425.1
'''425.4''',DILATED CARDIOMYOPATHY#425.4
'''425.9''',MYOCARDIOPATEDIES#425.9
'''426.0''',COMPLETE ATRIOVENTRICULAR BLOCK#426.0
'''426.1''',AV BLOCK 1?ɬ? GRADE#426.1
'''426.11''',I GRADE ATRIOVENTRICULAR BLOCK#426.11
'''426.2''',LEFT BRANCH HEMIBLOCK#426.2
'''426.3''',COMPLETE SN BRANCH BLOCK#426.3
'''426.7''',WOLFF-PARKINSON-WHITE SYNDROME#426.7
'''426.8''',OTHER SPECIFIED CONDUCTION DISORDERS#426.8
'''426.9''',CONDUCTION DISORDERS BRUGADA SYNDROME#426.9
'''427.0''',PAROXYSTICAL SUPRAVENTRICULAR TACHYCARDIA#427.0
'''427.3''',ATRIAL FIBRILLATION#427.3
'''427.31''',ATRIAL FIBRILLATION#427.31
'''427.32''',ATRIAL FLUTTER#427.32
'''427.5''',CARDIAC ARREST#427.5
'''427.6''',VENTRICULAR EXTRASYSTOLES#427.6
'''427.60''',EXTRASYSTOLE#427.60
'''427.81''',SINOATRIAL NODE DYSFUNCTION#427.81
'''427.9''',CARDIAC ARRHYTHMIA#427.9
'''428.0''',CONGESTIVE HEART FAILURE CONGESTIVE HEART FAILURE#428.0
'''428.1''',CARDIAC ASTHMA#428.1
'''428.9''',HEART FAILURE#428.9
'''429.0''',SENILE MYOCARDITIS#429.0
'''430''',SUBARACHNOID HEMORRHAGE#430
'''431''',CEREBRAL HEMORRHAGE IN THE RIGHT FRONTAL SITE#431
'''431.''',CEREBRAL HEMORRHAGE#431.
'''432.1''',SUBDURAL HEMORRHAGE#432.1
'''433.1''',CAROTID ARTERY STENOSIS#433.1
'''433.10''',CAROTID STENOSIS#433.10
'''434.0''',Cerebral thrombosis#434.0
'''434.9''',CEREBRAL STROKE < CEREBRAL ARTERY OCCLUSION >#434.9
'''435''',TRANSIENT CEREBRAL ISCHEMIA < TIA >#435
'''435.''',TRANSIENT CEREBRAL ISCHEMIA < TIA >#435.
'''435.9''',TRANSIENT CEREBRAL ISCHEMIA#435.9
'''436''',STROKE#436
'''437.0''',CEREBRAL ARTERIOSCLEROSIS#437.0
'''437.1''',MULTINFARTUAL ENCEPHALOPATHY#437.1
'''437.9''',CIRCULATORY DISORDERS BRAIN#437.9
'''438''',AFTERMATH OF CEREBROVASCULAR DISEASES#438
'''440.0''',AORTA ATHEROSCLEROSIS#440.0
'''440.20''',ATHEROSCLEROSIS LOWER LIMBS#440.20
'''440.21''',Atherosclerosis native arteries of the limbs with intermittent claudication#440.21
'''440.9''',ARTERIOSCLEROSIS#440.9
'''441.4''',NOT RUPTURED ABDOMINAL AORTA ANEURYSM#441.4
'''441.6''',UNRUPTURATED AORTIC ANEURYSM#441.6
'''441.9''',Thoracic AORTA DILATION#441.9
'''442.2''',ILIAC ARTERY ANEURYSM#442.2
'''442.3''',RIGHT SUPERFICIAL FEMOR ARTERY ANEURYSM#442.3
'''442.9''',POST-TRAUMATIC A. TEMPORAL ANEURYSM LEFT#442.9
'''443.0''',RAYNAUD SYNDROME#443.0
'''443.9''',PERIPHERAL OBLITERANT ARTERIAL DISEASE PAD#443.9
'''444.22''',EMBOLISM AND THROMBOSIS OF THE ARTERIES OF THE LOWER LIMBS#444.22
'''444.9''',EMBOLISM AND ARTERIAL THROMBOSIS right upper limb#444.9
'''446.4''',CHURG-STRAUSS SYNDROME#446.4
'''446.5''',HORTON DISEASE#446.5
'''447.0''',ACQUIRED ARTEROVENOUS FISTULA#447.0
'''447.1''',STENOSIS OF THE LEFT SUBCLAVIA ARTERIES#447.1
'''447.9''',Obliterating ARTERIOPATHY of the lower limbs#447.9
'''448.9''',VASCULITIS#448.9
'''451.0''',SUPERFICIAL PHLEBITIS OF LOWER LIMBS < THROMBOPHLEBITIS >#451.0
'''451.1''',DEEP VENOUS THROMBOSIS right lower limb#451.1
'''451.19''',POPLITEAL THROMBOPHLEBITIS#451.19
'''451.9''',PERIPHLEBITIS internal saphenous vein right#451.9
'''453.8''',VENOUS THROMBOSIS dural sinuses#453.8
'''453.9''',ASCENDING VENOUS THROMBOSIS GR. SAFENA SN#453.9
'''454.0''',VARICOSE ULCERS EXTREMIT?ɂǨ LOW#454.0
'''454.9''',VARICOSE OF LOWER LIMBS#454.9
'''455.0''',INTERNAL HEMORRHOIDS#455.0
'''455.6''',HEMORRHOIDS#455.6
'''455.7''',THROMBIZED HEMORRHOIDS#455.7
'''455.8''',HEMORRHOID CRISIS#455.8
'''456.1''',ESOPHAGEAL VARICES WITHOUT BLEEDING#456.1
'''456.4''',VARICOCELE#456.4
'''457.1''',NONFILARIAL ELEPHANTYASIS lower limbs#457.1
'''459.81''',VENOUS INSUFFICIENCY LOWER LIMBS#459.81
'''460''',PHARYNGITIS#460
'''460.''',COLD < RINOPHARYNGITIS >#460.
'''461.0''',MAXILLARY SINUSITIS#461.0
'''461.1''',ACUTE FRONTAL SINUSITIS#461.1
'''461.9''',Acute mucopurulent SINUSITIS#461.9
'''462''',ACUTE PHARYNGITIS#462
'''463''',TONSILLITIS#463
'''465.9''',PARAINFLUENZA SYNDROME#465.9
'''466.0''',BRONCHITIS#466.0
'''470''',NASAL SEPTAL DEVIATION#470
'''471.0''',NASAL CAVITY POLYPS#471.0
'''472.0''',CHRONIC RHINITIS#472.0
'''473.2''',CHRONIC ETHMOIDAL SINUSITIS#473.2
'''473.9''',CHRONIC SINUSITIS#473.9
'''477.9''',ALLERGIC RHINITIS#477.9
'''478.0''',NASAL TURBINATE HYPERTROPHY#478.0
'''478.4''',POLYP VOCAL CORDS OR LARYNX#478.4
'''478.5''',VOCAL CORD GRANULOMA#478.5
'''481''',LOBAR PNEUMONIA#481
'''485''',Bronchopneumonia#485
'''485.''',Right midthoracic BRONCHOPNEUMONITIS#485.
'''486''',PNEUMONIA#486
'''487.1''',INFLUENCE#487.1
'''490''',BRONCHITIS#490
'''491.2''',CHRONIC OBSTRUCTIVE BRONCHITIS < COPD > flared up#491.2
'''491.20''',CHRONIC ASTHMATIC BRONCHITIS#491.20
'''491.21''',CHRONIC OBSTRUCTIVE BRONCHITIS WITH FLARE#491.21
'''491.9''',CHRONIC ASTHATIFORM BRONCHITIS#491.9
'''493.0''',Extrinsic asthma#493.0
'''493.9''',Bronchial asthma#493.9
'''494''',BRONCHIECTASIA#494
'''496''',COPD CHRONIC OBSTRUCTIVE BRONCHITIS#496
'''506.4''',CHRONIC LUNG FIBROSIS#506.4
'''511.9''',Exudative pleurisy (viral?)#511.9
'''512.''',PNEUMOTHORAX#512.
'''512.8''',ACUTE PNEUMOTHORAX on the RIGHT#512.8
'''516.3''',INTERSTITIAL IDIOPATHIC DIFFUSED LUNG FIBROSIS#516.3
'''518.4''',ACUTE PULMONARY EDEMA#518.4
'''518.81''',CHRONIC RESPIRATORY INSUFFICIENCY#518.81
'''519.4''',DIAPHRAGM RELAXATION#519.4
'''522.5''',TOOTH ABSCESS#522.5
'''522.9''',TOOTH ABSCESS#522.9
'''523.3''',PERIODONTAL ABSCESS#523.3
'''523.4''',ALVEOLAR PYORRHEA#523.4
'''528.4''',DERMOID CYST LEFT OVARY#528.4
'''530.0''',CARDIAC ACHALASIA#530.0
'''530.1''',GASTROESOPHAGEAL REFLUX WITH GRADE I AND II ESOPHAGITIS < GERD >#530.1
'''530.11''',REFLUX ESOPHAGITIS 1 AND 2 GRADE#530.11
'''530.2''',GASTROESOPHAGEAL REFLUX WITH GRADE III AND IV ESOPHAGITIS < GERD#530.2
'''530.5''',GASTROESOPHAGEAL REFLUX < GERD >#530.5
'''530.7''',MALLORY-WEISS SYNDROME#530.7
'''530.81''',GASTROESOPHAGEAL REFLUX#530.81
'''531.0''',ACUTE GASTRIC ULCER WITH HEMORRHAGE of the stump#531.0
'''531.3''',ACUTE GASTRIC ULCER#531.3
'''531.9''',GASTRIC ULCER#531.9
'''532.0''',ACUTE DUODENAL ULCER WITH HEMORRHAGE#532.0
'''532.00''',ACUTE DUODENAL ULCER WITH HEMORRHAGE#532.00
'''532.10''',ACUTE DUODENAL ULCER WITH PERFORATION#532.10
'''532.30''',ACUTE DUODENAL ULCER#532.30
'''532.4''',DUODENAL ULCER WITH HEMORRHAGE#532.4
'''532.5''',DUODENAL ULCER WITH PERFORATION#532.5
'''532.70''',Chronic duodenal ulcer#532.70
'''532.9''',DUODENAL ULCER#532.9
'''533.9''',GASTRODUODENAL ULCER#533.9
'''534.4''',GASTRODIJUNAL ULCER WITH HEMORRHAGE#534.4
'''535.0''',ACUTE GASTRITIS#535.0
'''535.1''',CHRONIC ATROPHIC GASTRITIS#535.1
'''535.2''',HYPERTROPHIC GASTRITIS#535.2
'''535.4''',SUPERFICIAL GASTRITIS#535.4
'''535.5''',GASTRITIS AND GASTRODUODENITIS#535.5
'''536.8''',DYSPEPSIA#536.8
'''540.0''',ACUTE APPENDICITIS#540.0
'''540.1''',ACUTE APPENDICITIS WITH PERITONEAL ABSCESS#540.1
'''540.9''',ACUTE APPENDICITIS#540.9
'''550.9''',INGUINAL HERNIA#550.9
'''552.2''',IRREDIUCIBLE INCARCERATED PAROCELE STROKED OR WITH OCCLUSION#552.2
'''553.1''',UMBILICAL HERNIA#553.1
'''553.2''',Operated sub-umbilical LAPAROCELE#553.2
'''553.20''',LAPAROCELE#553.20
'''553.29''',EPIGASTRIC HERNIA#553.29
'''553.3''',HIATAL HERNIA#553.3
'''555.0''',CROHN'S DISEASE#555.0
'''555.1''',REGIONAL ENTERITIS OR COLON CROHN'S DISEASE#555.1
'''555.9''',CROHN'S DISEASE#555.9
'''556.9''',ULCEROUS COLITIS#556.9
'''560.9''',INTESTINAL OCCLUSION#560.9
'''562.00''',DIVERTICULUS WITHOUT DUODENAL DIVERTICULITIS#562.00
'''562.1''',COLON DIVERTICULUS#562.1
'''564.0''',CONSTIPATION#564.0
'''564.1''',IRRITABLE COLON#564.1
'''564.5''',FUNCTIONAL DIARRHEA#564.5
'''565.0''',ANAL FISCALE#565.0
'''565.1''',ANAL FISTULA#565.1
'''566''',PERIANAL ABSCESS#566
'''568.0''',POSTOPERATIVE POSTINFECTIVE PERITONEAL ADHERENCES#568.0
'''569.0''',RECTAL POLYP#569.0
'''569.1''',RECTAL PROLAPSE#569.1
'''569.49''',Ulcerative PROCTITIS#569.49
'''569.83''',INTESTINE PERFORATION#569.83
'''571.4''',CHRONIC HEPATITIS FROM HEPATITIS C#571.4
'''571.5''',LIVER CIRRHOSIS#571.5
'''572.0''',LIVER ABSCESS#572.0
'''574.0''',CHOLELITHIASIS WITH ACUTE CHOLECYSTITIS#574.0
'''574.1''',CHOLECYSTITIS WITH CHOLELITHIASIS cholecystectomy procedure#574.1
'''574.2''',GALLBLADSTONE STONES#574.2
'''574.20''',GALLBLADSTONE STONES#574.20
'''574.5''',CHOLEDOCULAR LITHIASIS#574.5
'''575.0''',GALLBLADDER EMPYEMA#575.0
'''575.3''',GALLBLADDER HYDROPS#575.3
'''576.1''',CHOLANGITIS#576.1
'''577.0''',ACUTE PANCREATITIS#577.0
'''577.1''',CHRONIC PANCREATITIS#577.1
'''577.2''',PANCREAS CYSTS AND PSEUDOCYSTS#577.2
'''578.1''',MELENA#578.1
'''579.0''',CELIAC DISEASE#579.0
'''581.1''',NEPHROTIC SYNDROME IN MEMBRANOUS GLOMERULONEPHRITIS#581.1
'''581.9''',NEPHROTIC SYNDROME#581.9
'''584.5''',ACUTE TUBULAR NECROSIS#584.5
'''585''',CHRONIC KIDNEY INSUFFICIENCY#585
'''587''',RENE GRINZO on the right due to the outcome of pyelonephritic episodes due to reflux#587
'''589.0''',SMALL UNILATERAL KIDNEY with slight insufficiency. renal#589.0
'''591''',HYDRONEPHROSIS left#591
'''592.0''',NEPHROLITHIASIS#592.0
'''592.1''',URETERAL STONE#592.1
'''593.0''',RENAL PTOSIS#593.0
'''593.2''',KIDNEY CYSTS#593.2
'''593.3''',STENOSIS OF THE LEFT PIELOURETERAL JOINT#593.3
'''594.1''',BLADDER STONE#594.1
'''595.9''',CYSTITIS#595.9
'''596.51''',BLADDER HYPERACTIVITY#596.51
'''598.9''',URETHRAL STENOSIS urethral meatus#598.9
'''599.0''',URINARY TRACT INFECTION#599.0
'''599.7''',MACROHEMATURIA#599.7
'''600''',BENIGN PROSTATIC HYPERTROPHY transvesical adenomyomectomy#600
'''600.0''',PROSTATIC HYPERTROPHY#600.0
'''601.0''',ACUTE PROSTATITIS#601.0
'''601.1''',CHRONIC PROSTATITIS#601.1
'''601.9''',PROSTATITIS#601.9
'''603.9''',Bilateral HYDROCELE#603.9
'''605''',TIGHT PHIMOSIS#605
'''606.0''',AZOOSPERMIA#606.0
'''607.81''',INDURATIO PENIS PLASTICA#607.81
'''608.2''',TESTICLE TORSION#608.2
'''608.8''',EPIDDYMIS CYST on the right (Removal procedure 20.3.2000)#608.8
'''610.0''',SOLITARY CYST OF THE LEFT BREAST#610.0
'''610.1''',FIBROCYSTIC MASTOPATHY#610.1
'''610.2''',FIBROADENOSIS OF THE BREAST#610.2
'''616.3''',BARTHOLIN GLAND ABSCESS#616.3
'''617.1''',ENDOMETRIOSIS OVARY#617.1
'''617.9''',ENDOMETRIOSIS#617.9
'''618.0''',RECTOCELE#618.0
'''618.1''',UTERINE PROLAPSE#618.1
'''618.3''',COMPLETE UTERO-VAGINAL PROLAPSE#618.3
'''620.2''',RIGHT OVARIAN CYSTS in torsion#620.2
'''621.0''',ENDOMETRIAL POLYP#621.0
'''622.1''',CERVICAL DYSPLASIA#622.1
'''623.8''',VAGINA CYSTS#623.8
'''625.6''',STRESS URINARY INCONTINENCE IN WOMEN#625.6
'''626.1''',OLIGOMENORRHEA#626.1
'''626.4''',IRREGULAR MENSTRUAL CYCLE#626.4
'''626.5''',INTERMESTRUAL SPOTTING#626.5
'''626.6''',METRORRHAGIA in fibrous uterus#626.6
'''627.9''',EARLY MENOPAUSE#627.9
'''629.9''',HABITUAL ABORTION WITHOUT CURRENT PREGNANCY#629.9
'''633.1''',TUBARIC PREGNANCY#633.1
'''634.9''',Miscarriage#634.9
'''634.92''',SPONTANEOUS ABORTION WITHOUT REFERRED COMPLICATION COMPLETE#634.92
'''635.9''',VOLUNTARY INTERRUPTION OF PREGNANCY [IVG]#635.9
'''637.9''',ABORTION#637.9
'''640.0''',THREAT OF ABORTION#640.0
'''642.0''',ESSENTIAL HYPERTENSION IN PREGNANCY PUERPERIAL DELIVERY#642.0
'''682.9''',Left gluteal reg abscess#682.9
'''685.0''',PILONIDAL CYSTS WITH ABSCESS#685.0
'''690.1''',SEBORRHOEIC DERMATITIS#690.1
'''691.8''',ATOPIC DERMATITIS#691.8
'''692.72''',POLYMORPHOUS SOLAR PHOTODERMATITIS#692.72
'''692.9''',ECZEMA on the face with folliculitis#692.9
'''694.4''',PENFIGO#694.4
'''695.2''',ERYTHEMA NODOSO#695.2
'''695.3''',Relapsing ROSACEA#695.3
'''695.9''',ERYTHEMA of the back#695.9
'''696.0''',PSORIASIC ARTHROPATHY#696.0
'''696.1''',PSORIASIS#696.1
'''696.3''',PITIRIASIS ROSEA#696.3
'''697.0''',LICHEN RUBER PLANUS#697.0
'''697.9''',LICHEN#697.9
'''698.9''',ITCH of ndd#698.9
'''701.0''',LICHEN SCLERO-ATROPHIC preputial#701.0
'''703.0''',INGROWN TOE LEFT TOE#703.0
'''704.0''',ALOPECIA areata#704.0
'''704.01''',ALOPECIA AREATA#704.01
'''704.02''',TELOGEN EFFLUVIUM#704.02
'''704.1''',HIRSUTISM#704.1
'''706.0''',NODULOCISTIC ACNE#706.0
'''706.1''',ACNE rosacea#706.1
'''706.2''',SEBACEOUS CYST#706.2
'''707.1''',VENOUS INSUFFICIENCY ULCER right leg#707.1
'''707.9''',TROPHIC ULCER left leg#707.9
'''708.1''',IDIOPATHIC HURTICARIA#708.1
'''708.8''',CHRONIC HURTICARIA#708.8
'''708.9''',URTICARIA#708.9
'''709.01''',VITILIGO#709.01
'''710.0''',SYSTEMIC LUPUS ERYTHEMATOUS#710.0
'''710.2''',SJOGREN'S SYNDROME#710.2
'''710.8''',CONNECTIVE DISEASE others#710.8
'''710.9''',CONNECTIVE DISEASE#710.9
'''714.0''',RHEUMATOID ARTHRITIS#714.0
'''715.0''',GENERALIZED ARTHROSIS#715.0
'''715.00''',GENERALIZED ARTHROSIS#715.00
'''715.1''',COXOPHEMORAL ARTHROSIS <COXARTHROSIS>#715.1
'''715.31''',SHOULDER ARTHROSIS#715.31
'''715.35''',HIP ARTHROSIS#715.35
'''715.36''',KNEE ARTHROSIS#715.36
'''715.89''',POLYARTHROSIS#715.89
'''715.94''',RHIZARTHROSIS RIGHT#715.94
'''715.95''',LEFT COXARTHROSIS#715.95
'''715.96''',BILATERAL GONARTHROSIS#715.96
'''716.5''',POLYARTHROPATHY - POLYARTHRITIS -#716.5
'''716.6''',MONOARTHRITIS left knee of ndd#716.6
'''716.60''',MONOARTHRITIS of the elbow (gouty???)#716.60
'''716.9''',Psoriatic ARTHRITIS#716.9
'''717.1''',ANTERIOR HORN INTERNAL MENISCUS INJURY#717.1
'''717.3''',INTERNAL MENISCUS INJURY#717.3
'''717.4''',EXTERNAL MENISCUS INJURY in the left knee (arthroscopy surgery)#717.4
'''717.83''',INVERTED ANTERIOR CRUCATE LIGAMENT INJURY#717.83
'''717.9''',LEFT KNEE MENISCUS INJURY#717.9
'''718.0''',MENISCOPATHY right knee#718.0
'''718.56''',KNEE ANKYLOSIS#718.56
'''719.45''',LEFT COXALGIA#719.45
'''719.48''',RIGHT GONALGIA#719.48
'''720.9''',SPONDYLITIS with specific spondylodiscitis#720.9
'''721.1''',CERVICAL SPONDYLOSIS WITH MYELOPATHY#721.1
'''721.3''',LUMBOSACRAL SPONDYLOARTHROSIS#721.3
'''721.4''',LUMBAR SPONDYLOSIS WITH MYELOPATHY#721.4
'''721.90''',SPONDYLOARTHROSIS#721.90
'''722.0''',RADICULAR COMPRESSION FROM CERVICAL DISC HERNIATION#722.0
'''722.10''',LEFT LUMBOSCIATALGIA#722.10
'''722.2''',HERNIATED DISC#722.2
'''722.7''',INTERVERTEBRAL DISC DISORDERS WITH MYELOPATHY#722.7
'''722.71''',CERVICAL DYSCOPATHY WITH MYELOPATHY#722.71
'''722.73''',LUMBAR DYSCOPATHY WITH MYELOPATHY#722.73
'''723.0''',CERVICAL SPINAL CANAL STENOSIS with SPONDYLOGICAL MYELOPATHY#723.0
'''723.1''',CERVICAL SPINE SPRAIN#723.1
'''723.3''',DIFFUSED CERVICOBRACHIAL SYNDROME#723.3
'''723.4''',CERVICOBRACHIALGIA#723.4
'''723.5''',STIFF NECK#723.5
'''723.9''',LEFT CERVICOBRACHIALGIA#723.9
'''724.02''',LUMBAR SPINAL CANAL STENOSIS#724.02
'''724.2''',LOW BACK PAIN#724.2
'''724.3''',RIGHT SCIATALGIA#724.3
'''724.4''',LUMBOSCIATALGIA#724.4
'''724.5''',DORSALGIA#724.5
'''724.79''',COCCYDYNY#724.79
'''725''',POLYMYALGIA RHEUMATICA#725
'''726.1''',ROTATOR CUFF SYNDROME#726.1
'''726.10''',ROTATOR CUFF SYNDROME#726.10
'''726.11''',CALCIFIC SHOULDER TENDINITIS#726.11
'''726.2''',SCAPOLHOMERAL PERIARTHRITIS#726.2
'''726.4''',WRIST CARPUS ENTHESOPATHY#726.4
'''726.5''',ENTHESOPATHY OF THE HIP REGION right coxalgia#726.5
'''726.6''',KNEE ENTHESOPATHY in progress. distortion trauma#726.6
'''726.7''',ANKLE ENTHESOPATHY TARSO arthralgia I metatarso phalangeal#726.7
'''726.73''',LEFT CALCANEAL SPUR#726.73
'''727.51''',BAKER CYST RIGHT KNEE#727.51
'''727.61''',COMPLETE ATRAUMATIC RUPTURE OF THE ROTATOR CUFF#727.61
'''727.62''',ATRAUMATIC BICEPS LONG HEAD TENDON RUPTURE#727.62
'''727.67''',ATRAUMATIC DACHILLE TENDON RUPTURE#727.67
'''728.6''',DUPUYTREN'S DISEASE#728.6
'''728.84''',DIASTASIS RECTI ABDOMEN#728.84
'''729.0''',FIBROMYALGIA#729.0
'''730.1''',CHRONIC OSTEOMYELITIS II phalanx 2?Ǭ? left hand finger#730.1
'''730.7''',POLIOMYELITIS RESULTS#730.7
'''731.0''',Paget bone disease#731.0
'''732.4''',JUVENILE OSTEOCONDROSITY OSGOOD-SCHLATTER TIBIAL TUBEROSITY#732.4
'''733.0''',OSTEOPOROSIS#733.0
'''733.00''',OSTEOPENIA#733.00
'''733.1''',SPONTANEOUS vertebral FRACTURES#733.1
'''733.13''',VERTEBRAL COLLAPSE#733.13
'''733.4''',ASEPTIC BONES NECROSIS Right femur head#733.4
'''733.42''',ASEPTIC NECROSIS OF THE FEMUR HEAD AND NECK#733.42
'''735.0''',HALLUX VALGUS#735.0
'''736.42''',Bilat. arthritic varus knee.#736.42
'''737.1''',ACQUIRED KYPHOSIS#737.1
'''737.3''',SCOLIOSIS with anterolisthesis of L5 on S1#737.3
'''742.0''',CEREBRAL MENINGOCELE#742.0
'''745.1''',TRANSPOSITION OF LARGE VASES#745.1
'''745.5''',PERVIET?ɂǨ OR PERSISTENCE FORAMEN OVALE#745.5
'''746.6''',CONGENITAL MITRAL INSUFFICIENCY#746.6
'''746.84''',OBSTRUCTIVE HEART ANOMALIES#746.84
'''750.6''',CONGENITAL ESOPHAGEAL HIATUS HERNIA#750.6
'''751.3''',CONGENITAL MEGACOLON#751.3
'''753.0''',HORSESHOE KIDNEY#753.0
'''753.3''',HORSESHOE KIDNEY#753.3
'''754.3''',CONGENITAL HIP DISLOCATION#754.3
'''754.69''',FOOT TALUS FLAT VALGUS#754.69
'''756.12''',SPONDYLOLISTHESIS L4 on L5#756.12
'''756.51''',IMPERFECT OSTEOGENESIS#756.51
'''758.6''',GONADAL DYSGENESIA#758.6
'''758.7''',KLINEFELTER SYNDROME#758.7
'''758.89''',OTHER MULTIPLE CONGENITAL ANOMALIES WITH MENTAL RETARDATION#758.89
'''759.89''',CONGENITAL MALFORMATION SYNDROMES#759.89
'''761.8''',SPONTANEOUS ABORTION ABORTED FEtus#761.8
'''767.0''',LOCALIZED SUBDURAL HEMATOMA#767.0
'''780.2''',LIPOTHYMIA#780.2
'''780.4''',DIZZINESS#780.4
'''780.57''',SLEEP APNEA#780.57
'''780.59''',SNORING#780.59
'''780.6''',FEVER#780.6
'''781.0''',TREMOR#781.0
'''781.2''',GAIT DISORDERS#781.2
'''782.0''',CHRONIC SKIN ITCHING SINE MATERIA#782.0
'''782.1''',SKIN RASHES#782.1
'''784.0''',HEADACHE#784.0
'''784.3''',Motor aphasia during migraine (aura)#784.3
'''785.4''',GANGRENE#785.4
'''785.6''',Right retroauricular LYMPHADENOPATHY#785.6
'''786.0''',DYSPNEA due to exertion#786.0
'''786.09''',SLEEP APNEA#786.09
'''786.2''',COUGH in case of flu#786.2
'''786.50''',THORACOALGIA by ndd#786.50
'''787.0''',VOMITING with emission of blood streaks#787.0
'''787.03''',VOMIT#787.03
'''787.2''',DYSPHAGIA#787.2
'''787.6''',FECAL INCONTINENCE#787.6
'''787.91''',DIARRHEA NDD#787.91
'''788.0''',RIGHT RENAL COLIC#788.0
'''788.1''',DYSURIA#788.1
'''788.2''',ACUTE URINARY RETENTION#788.2
'''788.3''',URINARY INCONTINENCE#788.3
'''789.0''',ABDOMINAL PAIN#789.0
'''789.06''',EPIGASTRALGIA#789.06
'''789.09''',ABDOMINAL PELVIC PAIN#789.09
'''789.5''',ASCITES#789.5
'''790.2''',IFG ALTERED FASTING GLUCOSE#790.2
'''790.4''',TRANSAMINASE INCREASE#790.4
'''791.5''',GLYCOSURIA FROM RENAL DIABETES#791.5
'''792.1''',POSITIVE STOOL OCCULT BLOOD#792.1
'''797''',SENILE DEBILITY#797
'''799.9''',Impaired fasting blood sugar#799.9
'''802.0''',FRACTURE OF NASAL BONES#802.0
'''802.8''',FRACTURE OF THE RIGHT ORBIT#802.8
'''803.0''',HEAD TRAUMA#803.0
'''805.02''',FRACTURE SECOND CERVICAL VERTEBRA#805.02
'''805.06''',FRACTURE SIXTH CERVICAL VERTEBRA spinous process#805.06
'''805.2''',FRACTURE OF THE DORSAL VERTEBRAE somatic D7#805.2
'''805.4''',FRACTURE OF THE LUMBAR VERTEBRAE#805.4
'''805.6''',SACRUM AND COCCYX FRACTURE#805.6
'''805.8''',SPINAL COLUMN FRACTURE Spinous process D6-D7-D8#805.8
'''807.0''',FRACTURE OF RIBS#807.0
'''807.01''',FRACTURE A RIB#807.01
'''807.09''',MULTIPLE RIB FRACTURE#807.09
'''807.2''',FRACTURE STERNUM#807.2
'''808.0''',ACETABULUS FRACTURE#808.0
'''808.42''',ISCHIO FRACTURE#808.42
'''808.8''',PELVIS FRACTURE#808.8
'''810.0''',LEFT CLAVICLE FRACTURE#810.0
'''810.00''',RIGHT CLAVICLE FRACTURE#810.00
'''811.0''',FRACTURE OF THE LEFT SCAPULA#811.0
'''812.0''',PROXIMAL END FRACTURE OF THE HUMERO#812.0
'''812.2''',CLOSED DIAPHYSIS HUMERUS FRACTURE#812.2
'''812.20''',RIGHT HUMERUS FRACTURE composed of the head#812.20
'''812.4''',LEFT ELBOW FRACTURE#812.4
'''813.4''',RADIO ULNA FRACTURE CLOSED DISTAL EPIPHISIS#813.4
'''813.41''',COLLES FRACTURE left wrist#813.41
'''813.42''',RADIO FRACTURE DISTAL EPIPHISIS#813.42
'''813.8''',RIGHT MAXILLARY FRACTURE#813.8
'''813.80''',FRACTURE OF THE LEFT FOREARM#813.80
'''813.81''',RADIO FRACTURE OF LEFT STYLOID#813.81
'''813.82''',FRACTURE OF THE RIGHT ULNA#813.82
'''814.00''',FRACTURE OF THE LEFT WRIST#814.00
'''814.01''',NAVICULAR SCAPHID WRIST FRACTURE#814.01
'''815.0''',METACARPUS FRACTURE#815.0
'''816.0''',FRACTURED FINGERS OF THE HAND#816.0
'''816.02''',FRACTURE OF ONE OR MORE DISTAL PHLANGES of the right hand#816.02
'''820.03''',FRACTURE OF THE BASE OF THE RIGHT FEMUR NECK#820.03
'''820.09''',FEMUR HEAD FRACTURE#820.09
'''820.2''',PERTROCHANTERIC FRACTURE OF THE FEMUR#820.2
'''820.8''',CLOSED FEMUR NECK FRACTURE#820.8
'''821.00''',FRACTURE OF THE LEFT FEMUR#821.00
'''821.01''',FEMUR DIAPHYSIS FRACTURE#821.01
'''822.0''',FRACTURE OF THE LEFT PATELLA#822.0
'''823.0''',TIBIA CONDYLE FRACTURE#823.0
'''823.00''',TIBIA FRACTURE PROXIMAL EPIPHISIS external tibial plateau on the left#823.00
'''823.2''',FRACTURE TIBIA FIBULAR CLOSED DIAPHYSIS#823.2
'''823.22''',TIBIA AND FIBULAR DIAPHYSIS FRACTURE#823.22
'''823.80''',TIBIA FRACTURE#823.80
'''823.81''',FIBULAR FRACTURE#823.81
'''824.0''',FRACTURE OF THE LEFT INTERNAL MALLEOLUS#824.0
'''824.2''',ANKLE FRACTURE EXTERNAL MALLEOLUS CLOSED#824.2
'''824.8''',RIGHT ANKLE FRACTURE#824.8
'''825.0''',HEEL FRACTURE#825.0
'''825.1''',EXPOSED HEEL FRACTURE#825.1
'''825.2''',FRACTURE OTHER BONES TARSO METATARSAL CLOSED Base of V metatarsal#825.2
'''825.20''',FRACTURE OF FOOT BONE EXCEPT TOES#825.20
'''825.22''',NAVICULAR SCAPHOID FRACTURE#825.22
'''825.25''',FRACTURE OF METATARSAL BONES#825.25
'''826.0''',FRACTURE OF TOES#826.0
'''831.00''',Recurrent LEFT SHOULDER DISLOCATION#831.00
'''840.4''',ROTATOR CUFF DISTRACTION#840.4
'''840.9''',SHOULDER DISTRACTION#840.9
'''842.0''',WRIST SPRAIN#842.0
'''844.9''',KNEE LEG SPRAIN#844.9
'''845.0''',RIGHT ANKLE SPRAIN#845.0
'''845.00''',Ankle sprain and distraction#845.00
'''845.1''',FOOT SPRAIN#845.1
'''847.0''',NECK DISTRACTION#847.0
'''848.9''',DISTORTION I finger of the left hand#848.9
'''850.9''',HEAD TRAUMA#850.9
'''860.2''',TRAUMATIC HEMOTHORAX#860.2
'''860.4''',PNEUMOEMOTHORAX WITHOUT OPEN WOUND IN THE CHEST#860.4
'''865.0''',SPLEEN INJURY splenectomy#865.0
'''865.01''',INJURY SPLEEN HEMATOMA WITHOUT RUPTURED CAPSULE#865.01
'''865.03''',Spleen trauma laceration extending to the parenchyma#865.03
'''882.0''',HAND WOUND from left hand penetrating tip#882.0
'''882.2''',HAND WOUND WITH TENDON INVOLVEMENT#882.2
'''883.0''',WOUND FINGERS HAND#883.0
'''883.1''',WOUND FINGERS HAND WITH COMPLICATIONS#883.1
'''883.2''',FINGER HAND WOUND WITH TENDON INVOLVEMENT#883.2
'''886.0''',TRAUMATIC AMPUTATION OTHER FINGERS OF THE HAND IV-V finger of the right hand#886.0
'''886.1''',TRAUMATIC AMPUTATION OF OTHER FINGERS OF THE HAND WITH COMPLICATIONS#886.1
'''891.0''',LEG WOUND#891.0
'''897.2''',TRAUMATIC AMPUTATION OF THE LEG AT THE KNEE OR ABOVE THE LEFT#897.2
'''905.1''',AFTERMATH OF SPINAL COLUMN AND TRUNK FRACTURES WITHOUT SPINAL CORD INJURIES#905.1
'''912.9''',SUPERFICIAL INJURY OF THE SHOULDER AND ARM#912.9
'''913.8''',OTHER SUPERFICIAL INJURY ELBOW FOREARM AND WRIST#913.8
'''915.9''',SUPERFICIAL TRAUMATIC OF FINGERS OF HAND#915.9
'''919.4''',INSECT BINGS#919.4
'''921.9''',EYE INJURY#921.9
'''922.9''',BRUSHED TRAUMA coccyx#922.9
'''927.3''',CRUSHING OF FINGERS AND HAND#927.3
'''944.0''',WRIST AND HAND BURNS#944.0
'''944.00''',BURN HAND#944.00
'''949.5''',3?��� DEEP DEGREE BURN WITH PART LOSS#949.5
'''952.2''',LUMBAR INJURY#952.2
'''953.8''',MULTIPLE SITE TRAUMA#953.8
'''959.7''',TRAUMA OF THE RIGHT ANKLE#959.7
'''959.9''',FALL TRAUMA#959.9
'''980.0''',Toxic effects of ethyl alcohol#980.0
'''991.5''',GELONI#991.5
'''995.3''',FOOD ALLERGY probably to fish#995.3
'''996.66''',INFECTION AND INFLATION FROM INTERNAL JOINT PROSTHESES septic mobilization APT gin#996.66
'''996.77''',OTHER COMPLICATIONS FROM INTERNAL JOINT PROSTHESES#996.77
'''V08''',HIV POSITIVE#V08
'''V14.6''',ALLERGY ANALGESICS angioedema of the lip after OKI gtt#V14.6
'''V14.7''',SERUM OR VACCINE ALLERGY suspected#V14.7
'''V14.9''',ALLERGY TO MEDICINAL SUBSTANCE#V14.9
'''V22.0''',SUSPEC: NORMAL FIRST PARENT PREGNANCY#V22.0
'''V22.1''',NORMAL PREGNANCY#V22.1
'''V22.2''',PREGNANCY#V22.2
'''V23.9''',PREGNANCY AT RISK#V23.9
'''V25.41''',ESTROPROGESTIN THERAPY#V25.41
'''V26.2''',PRECONCEPTIONAL TESTS#V26.2
'''V42.0''',KIDNEY TRANSPLANT#V42.0
'''V42.2''',HOMOLOGOUS MITRAL PROSTHESIS#V42.2
'''V42.7''',Liver replaced by transplant#V42.7
'''V43.3''',MECHANICAL HEART VALVE PROSTHESIS#V43.3
'''V43.6''',KNEE PROSTHESIS#V43.6
'''V43.60''',REVERSE LEFT SHOULDER PROSTHESIS#V43.60
'''V43.64''',HIP PROSTHESIS#V43.64
'''V43.65''',LEFT KNEE PROSTHESIS#V43.65
'''V44.0''',PRESENCE TRACHEOSTOMY#V44.0
'''V44.1''',PRESENCE GASTROSTOMY#V44.1
'''V44.3''',PRESENCE COLOSTOMY#V44.3
'''V44.6''',Transient URETEROSTOMY with stent for ureter kinking#V44.6
'''V45.01''',PEACE MAKER BEARER#V45.01
'''V45.81''',AORTOCORONARY BYPASS#V45.81
'''V45.82''',CORONARY ANGIOPLASTY#V45.82
'''V45.89''',LOWER LIMBS ANGIOPLASTY#V45.89
'''V50.4''',PROPHYLACTIC ORGAN REMOVAL NEPHRECTOMY RIGHT#V50.4
'''V53.6''',PLACEMENT AND SETTING OF URINARY CATHERS#V53.6
'''V56.0''',KIDNEY DIALYSIS#V56.0
'''V60.3''',PERSON WHO LIVES ALONE#V60.3
'''V60.4''',LACK OF A FAMILY ABLE TO PROVIDE CARE#V60.4
'''V60.6''',PERSON WHO LIVES IN INSTITUTIONS#V60.6
'''V72.2''',ORTHODONTIC TREATMENTS#V72.2
'362.01''',DIABETIC RETINOPATHY#362.01
'04.43',RELEASE OF THE CARPAL TUNNEL#04.43
'06.11.2',ECU GUIDED THYROID NEEDLE BIOPSY#06.11.2
'10.31',CONJUNCTIVAL LESION REMOVAL#10.31
'101.01.',BAG WITH PLATE FOR COLO-ILEOSTOMY#101.01.
'101.14.',PERMANENT BLADDER CATHETER (FOLEY)#101.14.
'101.21.',SHAPED DIAPER#101.21.
'101.31.',MATTRESS PROTECTION CROSSBAR#101.31.
'13.71',CATARACT SURGERY with lens implant#13.71
'22.51.0',RIGID FRAME WHEELCHAIR MANEUVERABLE BY THE COMPANION#22.51.0
'26.11',NEEDLE BIOPSY OF GLAND OR SALIVARY DUCT#26.11
'27.49.1',REMOVAL OF MOUTH LESION#27.49.1
'31.42',FIBER OPTIC RHINOSCOPY#31.42
'44.19.2',BREATH TEST FOR HELYCOBACTER PYLORI#44.19.2
'45.13',DUODENOSCOPY#45.13
'45.23',COLONOSCOPY#45.23
'45.25.1',COLONOSCOPY + sedated BIOPSY. conscious#45.25.1
'45.29.2',BREATH TEST FOR COLONIZATIONS BACTERIAL AN.#45.29.2
'45.29.3',LACTOSE BREATH TEST#45.29.3
'48.23',RECTOSCOPY <PROCTOSIGMOIDOSCOPY>#48.23
'501.01.',CONTAINMENT BANKS#501.01.
'501.11.',ANTI-DECUBITUS AIR MATTRESS#501.11.
'57.32',CYSTOSCOPY#57.32
'57.39.2',INVASIVE URODYNAMIC EXAM#57.39.2
'58.62',PROGRESSIVE URETHRAL DILATIONS#58.62
'60.11.1',ECU GUIDED NEEDLE BIOPSY OF THE PROSTATE#60.11.1
'68.12.1',HYSTEROSCOPY#68.12.1
'68.2',REMOVAL OF UTERUS LESION#68.2
'69.7',IUD INSERTION <SPIRAL>#69.7
'70.21',COLPOSCOPY#70.21
'75.34.1',CARDIOTOCOGRAPHY#75.34.1
'85.11.1',ECU GUIDED BREAST NEEDLE BIOPSY#85.11.1
'85.21',LOCAL BREAST LESION REMOVAL#85.21
'86.30.3',CAUTERIZATION <DIATHERMOCOACULATION>#86.30.3
'86.4',REMOVAL OF SKIN LESION#86.4
'87.03',SKULL CT <BENCEPHALON>#87.03
'87.03.1',SKULL CT WITHOUT+CONTRAST <BENCE>#87.03.1
'87.03.2',MASSIVE FACIAL CT#87.03.2
'87.03.8',NECK CT WITHOUT+CONTRAST#87.03.8
'87.11.3',X-ray of the dental arches <ORTHOPANORAMIC>#87.11.3
'87.22',CERVICAL SPINE X-ray#87.22
'87.23',DORSAL SPINE X-ray#87.23
'87.24',LUMBOSACRAL SPINE X-ray#87.24
'87.29',TELESPINOGRAM#87.29
'87.35',GALACTOGRAPHY#87.35
'87.37.1',BILATERAL MAMMOGRAPHY#87.37.1
'87.37.2',RIGHT MAMMOGRAPHY#87.37.2
'87.41',CHEST CT scan#87.41
'87.41.1',CHEST CT + CONTRAST#87.41.1
'87.43.2',SN HEMITORACE RX FOR RIBS#87.43.2
'87.44.1',CHEST X-ray#87.44.1
'87.72',RENAL TOMOGRAPHY <STRATS>#87.72
'87.83',HYSTEROSALPINGOGRAPHY#87.83
'88.01.6',COMPLETE ABDOMEN CT + CONTRAST#88.01.6
'88.19',ABDOMEN RX <DIRECT ABDOMEN>#88.19
'88.21',LEFT SHOULDER#88.21
'88.22',RX FOREARM RX#88.22
'88.23',LEFT WRIST#88.23
'88.26',RX HIP RX#88.26
'88.27',RX KNEE RX#88.27
'88.28',LEFT FOOT X-ray#88.28
'88.29.2',AXIAL RX RIGHT PATELLA#88.29.2
'88.38.1',CT scan of the LUMBOSACLAR SPINE#88.38.1
'88.38.3',CT SHOULDER AND RIGHT ARM#88.38.3
'88.38.5',PELVIS CT ​​scan#88.38.5
'88.38.8',CT KNEE LEFT <ARTHROTAC>#88.38.8
'88.71.4',THYROID ECHO <HEAD AND NECK ECHO>#88.71.4
'88.72.1',CARDIAC ECHO <ECOCARDIOGRAPHY>#88.72.1
'88.72.4',ECHODOPLER CARDIAC TRANSES.<ECOCOLOR>#88.72.4
'88.73.1',ECO UMMS#88.73.1
'88.73.2',ECHO LEFT BREAST#88.73.2
'88.73.5',ECODOPPLER SUPRAORTIC TRUNKS<ECOCOLOR>#88.73.5
'88.74.1',ECHO KIDNEYS AND ADRENALS#88.74.1
'88.75.1',ECHO LOWER ABDOMEN#88.75.1
'88.75.2',ECODOPPLER SPERM VESSELS (ECOCOLOR)#88.75.2
'88.76.1',FULL ABDOMEN ECHO#88.76.1
'88.76.2',ECHO LARGE ABDOMINAL VESSELS#88.76.2
'88.77.2',ECOCOLORDOPPLER LOWER LIMBS. ART.#88.77.2
'88.78',OBSTETRICAL ULTRASOUND <FETOPLACENTARY ULTRASOUND>#88.78
'88.78.2',GYNECOLOGICAL ECHO#88.78.2
'88.79.1',ECO SURFACE FABRICS#88.79.1
'88.79.2',RIGHT SHOULDER ECHO#88.79.2
'88.79.3',MUSCLETENDION ECHO#88.79.3
'88.79.5',ECO PENIS#88.79.5
'88.79.6',ECHO TESTICLES#88.79.6
'88.79.7',TRANSVAGINAL ECHO#88.79.7
'88.79.8',TRANSRECTAL PROSTATE ECHO#88.79.8
'88.91.1',MRI of the brain and brainstem#88.91.1
'88.91.2',MRI of the brain and brainstem. WITHOUT+CONTROL.#88.91.2
'88.92.4',MRI HEART +CONTRAST#88.92.4
'88.92.5',RM HEART <CINE RM>#88.92.5
'88.92.7',MRI RIGHT BREAST +CONTRAST#88.92.7
'88.92.8',MRI breasts#88.92.8
'88.92.9',MRI BREASTS WITHOUT+CONTRAST#88.92.9
'88.93',MRI LUMBOSACRAL SPINE#88.93
'88.93.1',MRI CERVICAL SPINE+CONTRAST#88.93.1
'88.94.1',MRI RIGHT KNEE#88.94.1
'88.95.2',MRI UPPER ABDOMEN +CONTRAST#88.95.2
'88.95.5',MRI LOWER ABDOMEN AND PELVIS +CONTRAST#88.95.5
'88.99.2',LUMBAR AND FEMORAL DENSITOMETRY <DEXA>#88.99.2
'89.01',V.CARDIOLOGICA control#89.01
'89.11',TONOMETRY#89.11
'89.13',V. NEUROLOGICAL#89.13
'89.14',EEG#89.14
'89.15.1',ACOUSTIC EVOKED POTENTIALS#89.15.1
'89.17',POLYSOMNOGRAM#89.17
'89.24',UROFLOWOMETRY#89.24
'89.26',V.GYNECOLOGICAL#89.26
'89.37.2',SPIROMETRY <BREATHING TESTS>#89.37.2
'89.38.2',GLOBAL SPIROMETRY PLETHYSMGR TECHNIQUE.#89.38.2
'89.38.3',CAPILLARY ALVEOLUS DIFFUSION OF THE CO#89.38.3
'89.43',EFFORT ECG <CYCLE ERGOMETER>#89.43
'89.44',THALLIUM CARDIAC SCINS <EFFORT TEST>#89.44
'89.44.1',CARDIORESPIRATORY EFFORT TEST#89.44.1
'89.48.1',PACE MAKER CONTROL AND PROGRAMMING#89.48.1
'89.50',DYNAMIC ECG <HOLTER>#89.50
'89.52',ECG#89.52
'89.61.1',PRESSURE HOLTER#89.61.1
'89.65.1',BLOOD ANALYSIS#89.65.1
'89.7',V.SENOLOGICA#89.7
'89.90.2',MUD + THERAPEUTIC BATH#89.90.2
'89.90.3',BATH FOR ARTHRHEUMATIC DISEASES#89.90.3
'89.90.4',BATH FOR DERMATOLOGICAL DISEASES#89.90.4
'89.92.4',DROPINIC TREATMENT SESSION FOR URINARY STONES#89.92.4
'89.92.5',DROPINIC TREATMENT SESSION FOR SICKNESS. APP. GASTROENTERIC#89.92.5
'90.01.3',17 KETOSTEROIDS urine#90.01.3
'90.01.5',BILE ACIDS#90.01.5
'90.03.4',VALPROIC ACID#90.03.4
'90.04.5',ALT <GPT> <ALANINE AMINOTRANSFERASE> <S>#90.04.5
'90.05.1',PREALBUMIN#90.05.1
'90.05.3',ALDOSTERONE <S>#90.05.3
'90.05.5',ALPHA 1 FETOPROTEIN <S>#90.05.5
'90.06.4',AMYLASE#90.06.4
'90.07.5',AMMONIEMIA#90.07.5
'90.09.1',HAPTOGLOBIN#90.09.1
'90.09.2',AST <GOT> <ASPARTATE AMINOTRANSFERASE>#90.09.2
'90.09.4',BENZODIAZEPINES#90.09.4
'90.10.1',BETA2 MICROGLOBULIN#90.10.1
'90.10.2',BICARBONATES <HYDROGENCARBONATE>#90.10.2
'90.10.4',TOTAL BILIRUBIN#90.10.4
'90.10.5',TOTAL AND FRACTIONAL BILIRUBIN#90.10.5
'90.11.4',SOCCER#90.11.4
'90.11.5',CALCITONIN#90.11.5
'90.11.6',IONIZED CALCIUM#90.11.6
'90.12.3',CARBAMAZEPINE#90.12.3
'90.12.4',TOTAL URINARY CATECHOLAMINES#90.12.4
'90.12.A',CALPROTECTIN IMMUNOMETRIC feces#90.12.A
'90.13.3',CHLORINE#90.13.3
'90.13.5',COBALAMIN <VIT.B12>#90.13.5
'90.14.1',HDL CHOLESTEROL#90.14.1
'90.14.2',LDL CHOLESTEROL#90.14.2
'90.14.3',TOTAL CHOLESTEROL#90.14.3
'90.14.4',CHOLINESTERASE <PSEUDO THAT>#90.14.4
'90.15.2',ACTH <CORTICOTROPIN>#90.15.2
'90.15.3',CORTISOL#90.15.3
'90.15.4',CPK <CREATINKINASE> <CK>#90.15.4
'90.15.5',CPK MB <CREATIN KINASE ISOENZYME MB><CK>#90.15.5
'90.16.3',CREATININE#90.16.3
'90.16.4',CREATININE CLEARANCE#90.16.4
'90.17.2',DEAS <DEHYDROEPIANDROSTERONE SULFATE>#90.17.2
'90.17.3',DELTA 4 ANDROSTENEDIONE#90.17.3
'90.17.6',DESIALO TRANSFERRIN#90.17.6
'90.18.1',NOREPINEPHRINE urine#90.18.1
'90.18.3',AMPHETAMINE#90.18.3
'90.18.4',NSE <NEURONE SPECIFIC ENOLASE>#90.18.4
'90.18.5',ERYTHROPOIETIN#90.18.5
'90.18.8',CHROMOGRANIN#90.18.8
'90.19.2',E2 <ESTRADIOL>#90.19.2
'90.21.1',DIGOXIN#90.21.1
'90.21.3',STOOL CHEMICAL AND MICROSCOPIC EXAMINATION#90.21.3
'90.21.4',STOOL OCCULT BLOOD ON 3 SAMPLES#90.21.4
'90.21.7',PHENOBARBITAL#90.21.7
'90.22.3',FERRITIN#90.22.3
'90.22.5',IRON <SIDEREMIA>#90.22.5
'90.23.2',FOLATES#90.23.2
'90.23.3',FSH <FOLLITROPIN>#90.23.3
'90.23.5',ALKALINE PHOSPHATASE#90.23.5
'90.24.3',INORGANIC PHOSPHATE <S>#90.24.3
'90.24.5',PHOSPHORUS#90.24.5
'90.25.5',GAMMA GT <GAMMA GLUTAMIL TRANSP.> <S>#90.25.5
'90.26.4',GLUCOSE LOAD CURVE 75 gr withdrawal 2h#90.26.4
'90.27.1',GLUCOSE#90.27.1
'90.27.3',PREGNANCY TEST#90.27.3
'90.27.4',CHORIONIC GONADOTROPIN free beta<S>#90.27.4
'90.28.1',GLYCATED HEMOGLOBIN#90.28.1
'90.28.4',BENCE JONES URINE#90.28.4
'90.29.2',LDH <LACTATE DEHYDROGENASE>#90.29.2
'90.30.2',LIPASE#90.30.2
'90.31.4',SPERMIOGRAM <FERTILITY INDEX>#90.31.4
'90.32.2',LITHIUM#90.32.2
'90.32.3',LH <LUTEOTROPIN> <S>#90.32.3
'90.32.5',TOTAL MAGNESIUM#90.32.5
'90.33.4',MICROALBUMINURIA#90.33.4
'90.34.6',HOMOCYSTEINE#90.34.6
'90.35.1',GH <SOMATOTROPIC HORMONE>#90.35.1
'90.35.3',OXALATE urine#90.35.3
'90.35.5',PTH <PARATORMONE>#90.35.5
'90.36.6',BRAIN NATRIURETIC PEPTIDE (BNP or NT)#90.36.6
'90.37.4',POTASSIUM#90.37.4
'90.38.1',PROGESTERONE#90.38.1
'90.38.2',PRL <PROLACTIN>#90.38.2
'90.38.4',PROTIDOGRAM + TOTAL PROTEINS#90.38.4
'90.38.5',PROTEINURIA#90.38.5
'90.39.1',URINARY PROTEIN ELECTROPHORESIS#90.39.1
'90.40.2',RENINA#90.40.2
'90.40.4',SODIUM#90.40.4
'90.40.6',SOMATOMEDINA C#90.40.6
'90.41.3',TESTOSTERONE <P>#90.41.3
'90.41.4',FREE TESTOSTERONE#90.41.4
'90.41.5',TG <THYROGLOBULIN>#90.41.5
'90.42.1',TSH <THYROTROPIN>#90.42.1
'90.42.3',T4 FREE <FREE THYROXINE>#90.42.3
'90.42.4',TRANSFERRIN ferrobinding capacity#90.42.4
'90.42.5',TRANSFERRIN#90.42.5
'90.43.2',TRIGLYCERIDES#90.43.2
'90.43.3',T3 FREE <FREE TRIODOTYRONINE>#90.43.3
'90.43.5',URICEMIA#90.43.5
'90.44.1',UREA <AZOTEMIA>#90.44.1
'90.44.3',URINE complete examination#90.44.3
'90.44.5',VITAMIN D#90.44.5
'90.45.4',ZINC#90.45.4
'90.46.5',LAC <LUPUS-LIKE ANTICOAGULANT>#90.46.5
'90.47.3',ANTI-CITRULLINE ANTIBODIES#90.47.3
'90.47.5',ANTI CARDIOLIPIN Ab (IgG IgA)#90.47.5
'90.47.7',GLUTAMAMIA ANTICARBOXYLASE ANTIBODIES#90.47.7
'90.48.1',Ab ANTI GASTR PARIETAL CELLS. <PCA>#90.48.1
'90.48.2',ANTI NEUTROPHILE CYTOPLASM Ab <ANCA>#90.48.2
'90.48.3',Ab ANTI NATIVE DNA#90.48.3
'90.49.3',INDIRECT COOMBS TEST#90.49.3
'90.49.5',Ab ANTI TRANSGLUTAMINASE#90.49.5
'90.50.5',Ab ANTI PANCREATIC ISSULA <ICA>#90.50.5
'90.51.4',ANTI THYROPEROXIDASE Ab <AbTPO>#90.51.4
'90.51.5',Ab ANTI LIVER AND KIDNEY MICROSOMES <LKMA>#90.51.5
'90.52.1',Ab ANTI MITOCHONDRIA <AMA>#90.52.1
'90.52.2',Ab ANTI SMOOTH MUSCLE <ASTHMA>#90.52.2
'90.52.4',ANTI NUCLEUS Ab <ANA>#90.52.4
'90.53.5',AB ANTI TSH RECEPTORS<TRAB>#90.53.5
'90.54.4',ANTI THYROGLOBULIN Ab <TG>#90.54.4
'90.55.1',CA 125 <CARBOHYDRATE ANTIGEN 125>#90.55.1
'90.55.2',CA 15.3 <CARBOHYDRATE ANTIGEN>#90.55.2
'90.55.3',CA 19.9 <CARBOHYDRATE ANTIGEN>#90.55.3
'90.56.1',CA 72-4 <CARBOHYDRATE ANTIGEN 72-4>#90.56.1
'90.56.3',CEA <EMBRYONIC CARCINO ANTIGEN>#90.56.3
'90.56.4',TPA <TISSUE POLYPEPTIDE ANTIGEN>#90.56.4
'90.56.5',PSA <PROSTATIC SPECIFIC ANTIGEN>#90.56.5
'90.56.6',PSA FREE#90.56.6
'90.57.3',HLA B27 <Ag>#90.57.3
'90.57.5',ANTITHROMBIN III#90.57.5
'90.58.2',DIRECT COOMBS TEST#90.58.2
'90.60.2',COMPLEMENT: C3#90.60.2
'90.61.1',CRYOGLOBULIN RESEARCH#90.61.1
'90.61.4',D DIMER (EIA)#90.61.4
'90.62.2',BLOOD CHROME+FORMULA#90.62.2
'90.63.3',BONE Marrow EXAMINATION#90.63.3
'90.64.2',RHEUMATOID FACTOR <RHEUMA TEST>#90.64.2
'90.64.3',CLOTTING FACTOR II#90.64.3
'90.65.1',FIBRINOGEN#90.65.1
'90.65.3',BLOOD GROUP ABO and Rh#90.65.3
'90.66.5',HEMOGLOBIN ELECTROPHORESIS#90.66.5
'90.68.1',SPECIFIC IgE: QUANTITATIVE RAST 12 per.#90.68.1
'90.68.3',IGE TOTALI-PRIST#90.68.3
'90.69.2',IMMUNOFIXATION#90.69.2
'90.69.4',IgG IMMUNOGLOBULINS#90.69.4
'90.70.3',INTRADERMOREACTION WITH PPD#90.70.3
'90.72.1',PROTEIN C ANTICOAGULANT ANTIGEN#90.72.1
'90.72.3',PCR <C-REACTIVE PROTEIN>#90.72.3
'90.72.4',FREE PROTEIN S#90.72.4
'90.72.5',TOTAL PROTEIN S#90.72.5
'90.73.2',TRANSFUSION COMPATIBILITY CROSS TEST.#90.73.2
'90.74.2',WR <WAALER ROSE REACTION>#90.74.2
'90.74.5',RETICULOCYTES#90.74.5
'90.75.4',PT <PROTHROMBIN TIME INR>#90.75.4
'90.76.1',PTT <PARTIAL THROMBOPLASTIN TIME>#90.76.1
'90.78.1',TINE TEST <TEST TINE>#90.78.1
'90.78.4',HLA-B GENOMIC TYPING#90.78.4
'90.81.5',TYPING SUBPOPULATIONS C. BLOOD#90.81.5
'90.82.3',TROPONIN I#90.82.3
'90.82.5',VES#90.82.5
'90.85.8',HELICOBACTER PYLORI STOOLS <HpSA>#90.85.8
'90.87.5',Ab ANTI BORRELIA#90.87.5
'90.91.1',CLOSTRIDIUM DIFFICLE RESEARCH D. e.i.a.#90.91.1
'90.93.2',OXYURI RESEARCH PERIANAL MATERIAL#90.93.2
'90.93.3',CONJUNCTIVAL swab microrg.+liev#90.93.3
'90.93.4',VAGINAL swab#90.93.4
'90.93.5',PHARYNGEAL SWAB#90.93.5
'90.94.2',URINE CULTURE <URINE CULTURE>#90.94.2
'90.94.3',COPROCULTURE <STOOL CULTURE>#90.94.3
'90.97.1',Ab ANTI LISTERIA#90.97.1
'90.98.4',FECI culture for fungi#90.98.4
'9042101',TSHR#9042101
'9056501',PSAR#9056501
'91.05.2',STOOL PARASITES#91.05.2
'91.06.8',TETANUS IgG#91.06.8
'91.07.1',WEIL-FELIX Ab ANTI RICKETTSIE#91.07.1
'91.08.1',Ab SALMONELLE AND BRUCELLE <WIDAL-WRIGHT>#91.08.1
'91.08.5',TASO <Ab ANTI ANTISTREPTOLYSIN-O>#91.08.5
'91.09.1',STREPTOZYME TEST#91.09.1
'91.09.4',TOXOPLASMA ANTIBODY Total (E.I.A.)#91.09.4
'91.10.4',TREPONEMA PALLIDUM TPHA qualitative#91.10.4
'91.10.5',TREPONEMA PALLIDUM TPHA quantitative#91.10.5
'91.11.1',TREPONEMA PALLIDUM VDRL#91.11.1
'91.13.3',ROTAVIRUS RESEARCH#91.13.3
'91.13.7',EPSTEIN BAR VCA IgM#91.13.7
'91.14.2',CYTOMEGALOVIRUS Ab <ANTIBODIES> f.c.#91.14.2
'91.17.1',HEPATITIS A Ab [HAV]#91.17.1
'91.17.2',HEPATITIS A IgM [HAV]#91.17.2
'91.17.3',HEPATITIS B DNA (P.C.R.) [HBV]#91.17.3
'91.17.5',HEPATITIS B HBcAg Ab [HBV]#91.17.5
'91.18.1',HEPATITIS B HBcAg IgM [HBV]#91.18.1
'91.18.2',HEPATITIS B HBeAg Ab [HBV]#91.18.2
'91.18.3',HEPATITIS B HBsAg Ab [HBV]#91.18.3
'91.18.5',HEPATITIS B HBsAg Ag [HBV] [AU ANTIGEN]#91.18.5
'91.19.3',HEPATITIS C RNA QUALITATIVE ANALYSIS [HCV]#91.19.3
'91.19.4',HEPATITIS C RNA (P.C.R.) [HCV]#91.19.4
'91.19.5',HEPATITIS C Ab [HCV]#91.19.5
'91.20.2',HEPATITIS C GENOMIC TYPING [HCV]#91.20.2
'91.21.1',EPSTEIN BARR VIRUS [EBV] ANTIBODY (EA or EBNA or VCA) (E.I.A.)#91.21.1
'91.21.2',EPSTEIN BARR Ab <EBV> <EBNA>#91.21.2
'91.21.5',HERPES VIRUS Ab f.c.#91.21.5
'91.22.2',HIV RNA (P.C.R.)#91.22.2
'91.22.4',ANTI HIV Ab 1-2#91.22.4
'91.24.3',Ab ANTI MEASLES#91.24.3
'91.25.1',Mumps IgG#91.25.1
'91.25.3',MUMPS Ab <ANTIBODIES> f.c.#91.25.3
'91.25.4',Ab ANTI PARVOVIRUS#91.25.4
'91.26.4',RUBELLA VIRUS ANTIBODY <RUBEO TEST>#91.26.4
'91.27.1',VARICELLA ZOSTER IgG#91.27.1
'91.27.3',VARICELLA ZOSTER Ab <ANTIBODIES> f.c.#91.27.3
'91.38.5',PAP TEST <VAGINAL CYTOLOGICAL>#91.38.5
'91.39.1',CYTOLOGICAL BY NEEDLE ASPIRATION#91.39.1
'91.39.4',URINE CYTOLOGICAL#91.39.4
'91.40.3',HISTOPATHOLOGY ORAL CAVITY BIOPSY#91.40.3
'91.40.5',HISTOPATHOLOGY Excisional SKIN BIOPSY#91.40.5
'91.41.1',HISTOPATHOLOGY SOFT TISSUES incisional#91.41.1
'91.41.3',HISTOPATHOLOGY Single DIGESTIVE BIOPSY#91.41.3
'91.41.4',HISTOPATHOLOGY Multiple DIGESTIVE BIOPSY#91.41.4
'91.42.4',HISTOPATHOLOGY PLEURAL BIOPSY#91.42.4
'91.44.4',HISTOPATHOLOGY CERVICAL BIOPSY#91.44.4
'91.46.4',HISTOPATHOLOGY ENDOCERVICAL POLYPECTOMY#91.46.4
'91.47.1',HISTOPATHOLOGY BREAST BIOPSY#91.47.1
'91.47.2',HISTOPATHOLOGY LYMPH NODE BIOPSY#91.47.2
'91.90.6',PRICK TEST <ALLERGOLOGICAL TEST>#91.90.6
'92.01.3',THYROID SPARKS#92.01.3
'92.09.1',CARDIAC TOMOSCENTS <PET> rest + stimulation#92.09.1
'92.09.2',CARDIAC TOMOSCINTIS <SPET> after stimulus#92.09.2
'92.18.2',TOTAL BODY BONE SHINS#92.18.2
'92.18.6',GLOBAL BODY TOMOSCENT (PET)#92.18.6
'93.08.1',EMG <ELECTROMIGRAPHY>#93.08.1
'93.11.2',Individual MOTOR REEDUCATION#93.11.2
'93.11.4',Individual SEGM. MOTOR REEDUCATION#93.11.4
'93.16',PHYSIOKINESTHERAPY#93.16
'93.19.1',Individual proprioceptive postural exercises.#93.19.1
'93.19.2',PROPRIOCEPTIVE POSTURAL EXERCISES.#93.19.2
'93.39.1',MASSAGES#93.39.1
'93.39.5',ANALGESIC ELECTROTHERAPY: TENS#93.39.5
'93.39.7',MUSCLE ELECTROSTIMULATIONS#93.39.7
'93.39.8',MAGNETIC THERAPY#93.39.8
'93.39.9',ULTRASOUND THERAPY in water#93.39.9
'93.56.4',ELASTIC ADHESIVE BANDAGE#93.56.4
'93.72.1',Individual SPEECH RE-EDUCATION#93.72.1
'94.01.2',INTELLECTUAL IMPAIRMENT TEST#94.01.2
'94.09',PSYCHOLOGICAL INTERVIEW <V.PSICOLOGICA>#94.09
'94.12.1',V. PSYCHIATRIC CONTROL#94.12.1
'94.19.1',V. PSYCHIATRIC <PSYCHIATRIC INTERVIEW>#94.19.1
'95.02',V. OPHELISTICS#95.02
'95.05',FIELD OF VISION <CAMPIMETRY>#95.05
'95.09.1',FUNDUS OCULAR <FUNDUS>#95.09.1
'95.12',FLUORANGIOGRAPHY<FLUORESCENT ANGIOGRAPHY>#95.12
'95.13.1',CORNEAL PACHYMETRY#95.13.1
'95.17',OPTICAL COHERENCE TOMOGRAPHY#95.17
'95.21',ERG <ELECTRORETINOGRAPHY><FLASHPATTERN>#95.21
'95.22',EOG <ELECTROOCULOGRAPHY>#95.22
'95.23',VEP <VISUAL EVOKED POTENTIALS>#95.23
'95.41.1',TONE AUDIOMETRIC EXAM#95.41.1
'95.41.3',AUTOMATIC AUDIOMETRY#95.41.3
'95.42',IMPEDENZOMETRY#95.42
'95.44.1',VESTIBULAR TEST caloric tests#95.44.1
'95.44.2',VESTIBULAR TEST positional tests#95.44.2
'95.45',VESTIBULAR TEST rotational tests#95.45
'96.59',WOUND DRESSING#96.59
'98.5',EXTRACORPOREAL LITHOTRIPSY#98.5
'99.07.1',BLOOD OR BLOOD COMPONENTS TRANSFUSION#99.07.1
'99.24.2',INFUSION OF OTHER PHARMACEUTICAL SUBSTANCES#99.24.2
'MW10',DISPOSABLE SYRINGES FOR INSULIN#MW10
'MW12',GLUCOSE TEST STRIPS#MW12
'MW1E',INHALATION TREATMENTS#MW1E
'MW1G',THERMAL TREATMENTS#MW1G
'MW31',AMBULANCE TRANSPORT#MW31
'MW32',INTRAMUSCULAR INJECTION AMBUL. NURSE.#MW32
'MW38',URINE COLLECTION BAGS#MW38
'MW3E',DRESSINGS IN THE NURSING CENTER#MW3E
'MW3P',ACE CONVERTING ENZYME#MW3P
'MW53',LANGERS#MW53
'MWA2',REMOVAL OF STITCHES#MWA2
'MW_1935',HEIGHT#MW_1935
'MW_1946',WEIGHT#MW_1946
'MW_2609',BMI<BODY MASS INDEX>#MW_2609
'MW_2832',SMOKE#MW_2832
'MW_3320',mmse mini mental state examination#MW_3320
'MW_3952',CLEARANCE CREATININE (COCKROFT)#MW_3952
'MW_5401',GFR estimated with MDRD formula#MW_5401
'ACARBOSIO',ACARBOSE#ACARBOSIO
'ACENOCUMAROLO',ACENOCUMAROL#ACENOCUMAROLO
'ACETAZOLAMIDE',ACETAZOLAMIDE#ACETAZOLAMIDE
'ACETILCARNITINA',ACETYLCARNITINE#ACETILCARNITINA
'ACETILCISTEINA',ACETYLCISTEINE#ACETILCISTEINA
'ACICLOVIR',ACYCLOVIR#ACICLOVIR
'ACIDO ACETILSALICILICO',ACETYLSALICYLIC ACID#ACIDO ACETILSALICILICO
'ACIDO ALENDRONICO',ALENDRONIC ACID#ACIDO ALENDRONICO
'ACIDO ALENDRONICO E COLECALCIFEROLO',ALENDRONIC ACID AND CHOLECALCIFEROL#ACIDO ALENDRONICO E COLECALCIFEROLO
'ACIDO ALGINICO',ALGINIC ACID#ACIDO ALGINICO
'ACIDO ASCORBICO (VIT. C)',ASCORBIC ACID (VIT. C)#ACIDO ASCORBICO (VIT. C)
'ACIDO CROMOGLICICO',CROMOGLYC ACID#ACIDO CROMOGLICICO
'ACIDO CROMOGLICICO ASSOCIAZIONI',CROMOGLYC ACID ASSOCIATIONS#ACIDO CROMOGLICICO ASSOCIAZIONI
'ACIDO FOLICO',FOLIC ACID#ACIDO FOLICO
'ACIDO IALURONICO',HYALURONIC ACID#ACIDO IALURONICO
'ACIDO IBANDRONICO',IBANDRONIC ACID#ACIDO IBANDRONICO
'ACIDO PIPEMIDICO',PIPEMIDIC ACID#ACIDO PIPEMIDICO
'ACIDO RISEDRONICO',RISEDRONIC ACID#ACIDO RISEDRONICO
'ACIDO TRANEXAMICO',TRANEXAMIC ACID#ACIDO TRANEXAMICO
'ACIDO URSODESOSSICOLICO',URSODEOXYCHOLIC ACID#ACIDO URSODESOSSICOLICO
'ACIDO VALPROICO',VALPROIC ACID#ACIDO VALPROICO
'ACITRETINA',ACITRETIN#ACITRETINA
'ACLIDINIO BROMURO',ACLIDINIUM BROMIDE#ACLIDINIO BROMURO
'ADEMETIONINA',ADEMETIONINE#ADEMETIONINA
'ALCALOIDI DELLOPPIO E SUOI DERIVATI',OPIUM ALKALOIDS AND ITS DERIVATIVES#ALCALOIDI DELLOPPIO E SUOI DERIVATI
'ALFACALCIDOLO',ALPHACALCIDOL#ALFACALCIDOLO
'ALFUZOSINA',ALFUZOSIN#ALFUZOSINA
'ALIMENTI DESTINATI A FINI SPECIALI (ALTRI)',FOODS INTENDED FOR SPECIAL PURPOSES (OTHER)#ALIMENTI DESTINATI A FINI SPECIALI (ALTRI)
'ALLOPURINOLO',ALLOPURINOL#ALLOPURINOLO
'ALMOTRIPTAN',ALMOTRIPTANE#ALMOTRIPTAN
'ALOPERIDOLO',HALOPERIDOL#ALOPERIDOLO
'ALPRAZOLAM',ALPRAZOLAM#ALPRAZOLAM
'ALTRE SOSTANZE CAPILLAROPROTETTRICI',OTHER CAPILLARY PROTECTIVE SUBSTANCES#ALTRE SOSTANZE CAPILLAROPROTETTRICI
'ALTRE SOSTANZE X TRATT.DI EMORROIDI E RAGADI ANALI U.TOPICO',OTHER SUBSTANCES FOR TREATMENT OF HAEMORROIDS AND ANAL FISCALS TOPICAL#ALTRE SOSTANZE X TRATT.DI EMORROIDI E RAGADI ANALI U.TOPICO
'ALTRI ANTIEMICRANICI',OTHER ANTI-MIGRAINE INDIVIDUALS#ALTRI ANTIEMICRANICI
'ALTRI CICATRIZZANTI',OTHER HEALING RESULTS#ALTRI CICATRIZZANTI
'ALTRI FARMACI DEL SISTEMA NERVOSO',OTHER NERVOUS SYSTEM DRUGS#ALTRI FARMACI DEL SISTEMA NERVOSO
'ALTRI FARMACI PER LE AFFEZIONI DEL SISTEMA MUSCOLO-SCHELETRI',OTHER DRUGS FOR DISEASES OF THE MUSCULAR-SKELETAL SYSTEM#ALTRI FARMACI PER LE AFFEZIONI DEL SISTEMA MUSCOLO-SCHELETRI
'ALTRI PREPARATI',OTHER PREPARATIONS#ALTRI PREPARATI
'ALTRI PSICOSTIMOLANTI E NOOTROPI',OTHER PSYCHOSTIMULANTS AND NOOTROPICS#ALTRI PSICOSTIMOLANTI E NOOTROPI
'ALTRI UROLOGICI',OTHER UROLOGICALS#ALTRI UROLOGICI
'ALTRI VACCINI BATTERICI',OTHER BACTERIAL VACCINES#ALTRI VACCINI BATTERICI
'AMANTADINA',AMANTADINE#AMANTADINA
'AMBROXOLO',AMBROXOL#AMBROXOLO
'AMIODARONE',AMIODARONE#AMIODARONE
'AMISULPRIDE',AMISULPRIDE#AMISULPRIDE
'AMITRIPTILINA',AMYTRIPTILINE#AMITRIPTILINA
'AMITRIPTILINA E PSICOLETTICI',AMITRIPTILINE AND PSYCHOLEPTICS#AMITRIPTILINA E PSICOLETTICI
'AMLODIPINA',AMLODIPINE#AMLODIPINA
'AMOXICILLINA',AMOXICILLIN#AMOXICILLINA
'AMOXICILLINA ED INIBITORI ENZIMATICI',AMOXICILLIN AND ENZYME INHIBITORS#AMOXICILLINA ED INIBITORI ENZIMATICI
'ANASTROZOLO',ANASTROZOLE#ANASTROZOLO
'ANATOSSINA TETANICA',TETANIC ANATOXIN#ANATOSSINA TETANICA
'ANTAGONISTI DEI RECETTORI ALFA-ADRENERGICI',ALPHA-ADRENERGIC RECEPTOR ANTAGONISTS#ANTAGONISTI DEI RECETTORI ALFA-ADRENERGICI
'ANTICOLINERGICI SINTETICI IN ASSOCIAZIONE CON PSICOLETTICI',SYNTHETIC ANTICHOLINERGICS IN ASSOCIATION WITH PSYCHOLEPTICS#ANTICOLINERGICI SINTETICI IN ASSOCIAZIONE CON PSICOLETTICI
'APIXABAN',APIXABAN#APIXABAN
'APPARATO DIGERENTE',DIGESTIVE SYSTEM#APPARATO DIGERENTE
'APPARATO MUSCOLO SCHELETRICO',MUSCLE-SKELETAL SYSTEM#APPARATO MUSCOLO SCHELETRICO
'APPARATO RESPIRATORIO',RESPIRATORY SYSTEM#APPARATO RESPIRATORIO
'APPARATO URO-GENITALE',URO-GENITAL SYSTEM#APPARATO URO-GENITALE
'ASENAPINA',ASENAPINE#ASENAPINA
'ASSOCIAZIONI',ASSOCIATIONS#ASSOCIAZIONI
'ASSOCIAZIONI DI DERIVATI IMIDAZOLICI',ASSOCIATIONS OF IMIDAZOLE DERIVATIVES#ASSOCIAZIONI DI DERIVATI IMIDAZOLICI
'ASSOCIAZIONI DI VITAMINE',VITAMIN ASSOCIATIONS#ASSOCIAZIONI DI VITAMINE
'ATENOLOLO',ATENOLOL#ATENOLOLO
'ATENOLOLO ED ALTRI DIURETICI',ATENOLOL AND OTHER DIURETICS#ATENOLOLO ED ALTRI DIURETICI
'ATORVASTATINA',ATORVASTATIN#ATORVASTATINA
'AVANAFIL',HAVANAFIL#AVANAFIL
'AZATIOPRINA',AZATHIOPRINE#AZATIOPRINA
'AZITROMICINA',AZITHROMYCIN#AZITROMICINA
'BACAMPICILLINA',BACAMPICILLIN#BACAMPICILLINA
'BACLOFENE',BACLOPHEN#BACLOFENE
'BARNIDIPINA',BARNIDIPINE#BARNIDIPINA
'BECLOMETASONE',BECLOMETHASONE#BECLOMETASONE
'BELLADONNA E DERIVATI ASSOCIATI A PSICOLETTICI',BELLADONNA AND DERIVATIVES ASSOCIATED WITH PSYCHOLEPTICS#BELLADONNA E DERIVATI ASSOCIATI A PSICOLETTICI
'BENDAZAC',BANDAZAC#BENDAZAC
'BENZILPENICILLINA BENZATINICA',BENZATHINE BENZYLPENICILLIN#BENZILPENICILLINA BENZATINICA
'BETAISTINA',BETAISTINA#BETAISTINA
'BETAMETASONE',BETAMETHASONE#BETAMETASONE
'BETAMETASONE ED ANTIBIOTICI',BETAMETHASONE AND ANTIBIOTICS#BETAMETASONE ED ANTIBIOTICI
'BETAMETASONE ED ANTIMICROBICI',BETAMETHASONE AND ANTIMICROBIALS#BETAMETASONE ED ANTIMICROBICI
'BETAXOLOLO',BETAXOLOL#BETAXOLOLO
'BICALUTAMIDE',BICALUTAMIDE#BICALUTAMIDE
'BIFOSFONATI',BIPHOSPHONATES#BIFOSFONATI
'BILASTINA',BILASTINA#BILASTINA
'BIMATOPROST',BIMATOPROST#BIMATOPROST
'BIPERIDENE',BIPERIDEN#BIPERIDENE
'BISACODIL',BISACODIL#BISACODIL
'BISOPROLOLO',BISOPROLOL#BISOPROLOLO
'BISOPROLOLO E TIAZIDI',BISOPROLOL AND THIAZIDES#BISOPROLOLO E TIAZIDI
'BRIMONIDINA',BRIMONIDINE#BRIMONIDINA
'BRINZOLAMIDE',BRINZOLAMIDE#BRINZOLAMIDE
'BROMAZEPAM',BROMAZEPAM#BROMAZEPAM
'BROMEXINA',BROMEXINE#BROMEXINA
'BUDESONIDE',BUDESONIDE#BUDESONIDE
'BUPRENORFINA',BUPRENORPHIN#BUPRENORFINA
'BUTILSCOPOLAMINA',BUTYLSCOPOLAMINE#BUTILSCOPOLAMINA
'CABERGOLINA',CABERGOLINA#CABERGOLINA
'CALCIFEDIOLO',CALCIFEDIOL#CALCIFEDIOLO
'CALCIO (SALI DIVERSI IN ASSOCIAZIONE)',FOOTBALL (DIFFERENT SALTS IN ASSOCIATION)#CALCIO (SALI DIVERSI IN ASSOCIAZIONE)
'CALCIO ASSOCIAZIONI CON VITAMINA D E/O ALTRI FARMACI',CALCIUM ASSOCIATIONS WITH VITAMIN D AND/OR OTHER DRUGS#CALCIO ASSOCIAZIONI CON VITAMINA D E/O ALTRI FARMACI
'CALCIO CARBONATO',CALCIUM CARBONATE#CALCIO CARBONATO
'CALCIO LEVOFOLINATO',LEVOFOLINATE CALCIUM#CALCIO LEVOFOLINATO
'CALCIPOTRIOLO',CALCIPOTRIOL#CALCIPOTRIOLO
'CALCITRIOLO',CALCITRIOL#CALCITRIOLO
'CALMANTI E SONNO',CALMING AND SLEEPING#CALMANTI E SONNO
'CANDESARTAN',CANDESARTAN#CANDESARTAN
'CANRENOATO DI POTASSIO',POTASSIUM CANRENOATE#CANRENOATO DI POTASSIO
'CANRENONE',CANRENONE#CANRENONE
'CARBAMAZEPINA',CARBAMAZEPINE#CARBAMAZEPINA
'CARBOCISTEINA',CARBOCYSTEINE#CARBOCISTEINA
'CARBOIDRATI',CARBOHYDRATES#CARBOIDRATI
'CARTEOLOLO',CARTEOLOLO#CARTEOLOLO
'CARVEDILOLO',CARVEDILOLO#CARVEDILOLO
'CEFAZOLINA',CEFAZOLIN#CEFAZOLINA
'CEFDITOREN',CEFDITOREN#CEFDITOREN
'CEFIXIMA',CEFIXIME#CEFIXIMA
'CEFOTAXIMA',CEFOTAXIME#CEFOTAXIMA
'CEFPODOXIMA',CEFPODOXIME#CEFPODOXIMA
'CEFTAZIDIMA',CEFTAZIDIME#CEFTAZIDIMA
'CEFTRIAXONE',CEFTRIAXONE#CEFTRIAXONE
'CEFUROXIMA',CEFUROXIME#CEFUROXIMA
'CELECOXIB',CELECOXIB#CELECOXIB
'CETIRIZINA',CETIRIZINE#CETIRIZINA
'CIANOCOBALAMINA',CYANOCOBALAMIN#CIANOCOBALAMINA
'CICLOSPORINA',CYCLOSPORINE#CICLOSPORINA
'CINNARIZINA',CINNARIZINA#CINNARIZINA
'CIPROFLOXACINA',CIPROFLOXACIN#CIPROFLOXACINA
'CIPROTERONE',CYPRATE#CIPROTERONE
'CIRCOLAZIONE',CIRCULATION#CIRCOLAZIONE
'CITALOPRAM',CITALOPRAM#CITALOPRAM
'CITICOLINA',CITICOLIN#CITICOLINA
'CLARITROMICINA',CLARITHROMICIN#CLARITROMICINA
'CLINDAMICINA',CLINDAMICIN#CLINDAMICINA
'CLISMI E MICROCLISMI RETTALI',RECTAL ENEMAES AND MICROENEMAS#CLISMI E MICROCLISMI RETTALI
'CLOBETASOLO',CLOBETASOL#CLOBETASOLO
'CLOMIPRAMINA',CLOMIPRAMINE#CLOMIPRAMINA
'CLONAZEPAM',CLONAZEPAM#CLONAZEPAM
'CLOPIDOGREL',CLOPIDOGREL#CLOPIDOGREL
'CLORMADINONE ED ETINILESTRADIOLO',CHLORMADINONE AND ETHINYLESTRADIOL#CLORMADINONE ED ETINILESTRADIOLO
'CLORTETRACICLINA',CHLORTETRACYCLINE#CLORTETRACICLINA
'CLOTRIMAZOLO',CLOTRIMAZOLE#CLOTRIMAZOLO
'CODEINA',CODEINE#CODEINA
'CODEINA ASSOCIAZIONI ESCLUSI GLI PSICOLETTICI',CODEINE ASSOCIATIONS EXCLUDING PSYCHOLEPTICS#CODEINA ASSOCIAZIONI ESCLUSI GLI PSICOLETTICI
'CODEINA E PARACETAMOLO',CODEINE AND PARACETAMOL#CODEINA E PARACETAMOLO
'COLCHICINA',COLCHICINE#COLCHICINA
'COLECALCIFEROLO',CHOLECALCIFEROL#COLECALCIFEROLO
'COLINA ALFOSCERATO',COLINA ALFOSCERATE#COLINA ALFOSCERATO
'COLISTINA',COLISTINA#COLISTINA
'COLLUTORI/GENGIVARI',MOUTHWASHES/GUMS#COLLUTORI/GENGIVARI
'CONDROITINSOLFATO',CHONDROITIN SULFATE#CONDROITINSOLFATO
'DABIGATRAN ETEXILATO',DABIGATRAN ETEXYLATED#DABIGATRAN ETEXILATO
'DARBEPOETINA ALFA',DARBEPOETIN ALFA#DARBEPOETINA ALFA
'DENOSUMAB',DENOSUMAB#DENOSUMAB
'DERIVATI BENZODIAZEPINICI',BENZODIAZEPE DERIVATIVES#DERIVATI BENZODIAZEPINICI
'DESAMETASONE',DESAMETHASONE#DESAMETASONE
'DESAMETASONE ED ANTIMICROBICI',DEXAMETHASONE AND ANTIMICROBIALS#DESAMETASONE ED ANTIMICROBICI
'DESLORATADINA',DESLORATADINE#DESLORATADINA
'DEXIBUPROFENE',DEXIBUPROFEN#DEXIBUPROFENE
'DEXKETOPROFENE',DEXKETOPROFENE#DEXKETOPROFENE
'DIAZEPAM',DIAZEPAM#DIAZEPAM
'DICLOFENAC',DICLOFENAC#DICLOFENAC
'DIENOGEST E ETINILESTRADIOLO',DIENOGEST AND ETHINYLESTRADIOL#DIENOGEST E ETINILESTRADIOLO
'DIENOGEST ED ESTRADIOLO',DIENOGEST AND ESTRADIOL#DIENOGEST ED ESTRADIOLO
'DIGOSSINA',DIGOXIN#DIGOSSINA
'DILTIAZEM',DILTIAZEM#DILTIAZEM
'DIMETILFUMARATO',DIMETHYLFUMArate#DIMETILFUMARATO
'DIOSMECTITE',DIOSMECTITE#DIOSMECTITE
'DIOSMINA ASSOCIAZIONI',DIOSMINA ASSOCIATIONS#DIOSMINA ASSOCIAZIONI
'DOMPERIDONE',DOMPERIDO#DOMPERIDONE
'DONEPEZIL',DONEPEZIL#DONEPEZIL
'DOXAZOSIN',DOXAZOSIN#DOXAZOSIN
'DOXICICLINA',DOXYCYCLINE#DOXICICLINA
'DRENANTI',DRAINING#DRENANTI
'DROSPIRENONE ED ETINILESTRADIOLO',DROSPIRENONE AND ETHINYLESTRADIOL#DROSPIRENONE ED ETINILESTRADIOLO
'DULOXETINA',DULOXETINE#DULOXETINA
'DUTASTERIDE',DUTASTERIDE#DUTASTERIDE
'EBASTINA',EBASTINA#EBASTINA
'ECONAZOLO',ECONAZOLE#ECONAZOLO
'EDOXABAN',EDOXABAN#EDOXABAN
'ELETTROLITI',ELECTROLYTES#ELETTROLITI
'EMORROIDI',HEMORRHOIDS#EMORROIDI
'ENALAPRIL',ENALAPRIL#ENALAPRIL
'ENALAPRIL E DIURETICI',ENALAPRIL AND DIURETICS#ENALAPRIL E DIURETICI
'ENALAPRIL E LERCANIDIPINA',ENALAPRIL AND LERCANIDIPINE#ENALAPRIL E LERCANIDIPINA
'ENOXAPARINA',ENOXAPARIN#ENOXAPARINA
'ENZIMI',ENZYMES#ENZIMI
'EPARINA',HEPARIN#EPARINA
'EPARINICI',HEPARINICS#EPARINICI
'EPERISONE',EPERISON#EPERISONE
'ERITROPOIETINA',ERYTHROPOIETIN#ERITROPOIETINA
'ESCITALOPRAM',EXITOPRAM#ESCITALOPRAM
'ESOMEPRAZOLO',ESOMEPRAZOLE#ESOMEPRAZOLO
'ESTRADIOLO',ESTRADIOL#ESTRADIOLO
'ESTRIOLO',ESTRIOL#ESTRIOLO
'ETIZOLAM',ETIZOLAM#ETIZOLAM
'ETORICOXIB',ETORICOXIB#ETORICOXIB
'EXEMESTANE',EXEMESTANE#EXEMESTANE
'EXENATIDE',EXENATIDE#EXENATIDE
'EZETIMIBE',EZETIMIBE#EZETIMIBE
'FAMCICLOVIR',FAMCICLOVIR#FAMCICLOVIR
'FARMACI PER LA FREQUENZA URINARIA E LINCONTINENZA',DRUGS FOR URINARY FREQUENCY AND LINCONTINENCE#FARMACI PER LA FREQUENZA URINARIA E LINCONTINENZA
'FEBUXOSTAT',FEBUXOSTAT#FEBUXOSTAT
'FELODIPINA',FELODIPINE#FELODIPINA
'FENOBARBITAL',PHENOBARBITAL#FENOBARBITAL
'FENOFIBRATO',FENOFIBRATE#FENOFIBRATO
'FENTANIL',PENTANYL#FENTANIL
'FENTICONAZOLO',FENTICONAZOLE#FENTICONAZOLO
'FERMENTI LATTICI',LACTIC FERMENTS#FERMENTI LATTICI
'FERRO IN ASSOCIAZIONE CON ACIDO FOLICO',IRON IN ASSOCIATION WITH FOLIC ACID#FERRO IN ASSOCIAZIONE CON ACIDO FOLICO
'FERRO TRIVALENTE',TRIVALENT IRON#FERRO TRIVALENTE
'FERROSO SOLFATO',FERROUS SULFATE#FERROSO SOLFATO
'FEXOFENADINA',FEXOPHENADINE#FEXOFENADINA
'FILGRASTIM',FILGRASTIM#FILGRASTIM
'FINASTERIDE',FINASTERIDE#FINASTERIDE
'FITOMENADIONE',PHYTOMENADION#FITOMENADIONE
'FLECAINIDE',FLECAINIDE#FLECAINIDE
'FLOROGLUCINOLO',FLOROGLUCINOL#FLOROGLUCINOLO
'FLUCONAZOLO',FLUCONAZOLE#FLUCONAZOLO
'FLUNARIZINA',FLUNARIZINA#FLUNARIZINA
'FLUNISOLIDE',FLUNISOLIDE#FLUNISOLIDE
'FLUOXETINA',FLUOXETINE#FLUOXETINA
'FLURBIPROFENE',FLURBIPROFENE#FLURBIPROFENE
'FLUTICASONE',FLUTICASONE#FLUTICASONE
'FLUTICASONE FUROATO',FLUTICASONE FUROATE#FLUTICASONE FUROATO
'FONDAPARINUX',FONDAPARINUX#FONDAPARINUX
'FORMOTEROLO',FORMOTEROL#FORMOTEROLO
'FORMOTEROLO E BECLOMETASONE',FORMOTEROL AND BECLOMETASONE#FORMOTEROLO E BECLOMETASONE
'FORMOTEROLO E BUDESONIDE',FORMOTEROL AND BUDESONIDE#FORMOTEROLO E BUDESONIDE
'FORMOTEROLO E FLUTICASONE',FORMOTEROL AND FLUTICASONE#FORMOTEROLO E FLUTICASONE
'FOSFOMICINA',PHOSPHOMYCIN#FOSFOMICINA
'FOSINOPRIL',FOSINOPRIL#FOSINOPRIL
'FROVATRIPTAN',FROVATRIPTAN#FROVATRIPTAN
'FUROSEMIDE',FUROSEMIDE#FUROSEMIDE
'FUROSEMIDE E FARMACI RISPARMIATORI DI POTASSIO',FUROSEMIDE AND POTASSIUM-SAVING DRUGS#FUROSEMIDE E FARMACI RISPARMIATORI DI POTASSIO
'GABAPENTIN',GABAPENTIN#GABAPENTIN
'GEMFIBROZIL',GEMFIBROZIL#GEMFIBROZIL
'GENTAMICINA',GENTAMICIN#GENTAMICINA
'GESTODENE ED ETINILESTRADIOLO',GESTODENE AND ETHINYLTRADIOL#GESTODENE ED ETINILESTRADIOLO
'GLIBENCLAMIDE',GLIBENCHLAMIDE#GLIBENCLAMIDE
'GLICLAZIDE',GLYCLAZIDE#GLICLAZIDE
'GLICOPIRRONIO BROMURO',GLYCOPYRHONIUM BROMIDE#GLICOPIRRONIO BROMURO
'GLIMEPIRIDE',GLIMEPIRIDE#GLIMEPIRIDE
'GLUCOSAMINA',GLUCOSAMINE#GLUCOSAMINA
'GLUTATIONE',GLUTATHIONE#GLUTATIONE
'GOLA',THROAT#GOLA
'GOLIMUMAB',GOLIMUMAB#GOLIMUMAB
'GONADOTROPINA CORIONICA',CHORIONIC GONADOTROPIN#GONADOTROPINA CORIONICA
'GONADOTROPINA UMANA DELLA MENOPAUSA (MENOTROPINA)',HUMAN MENOPAUSE GONADOTROPIN (MENOTROPIN)#GONADOTROPINA UMANA DELLA MENOPAUSA (MENOTROPINA)
'IBUPROFENE',IBUPROFEN#IBUPROFENE
'IDROCLOROTIAZIDE',HYDROCHLOROTHIAZIDE#IDROCLOROTIAZIDE
'IDROCLOROTIAZIDE E FARMACI RISPARMIATORI DI POTASSIO',HYDROCHLOROTHIAZIDE AND POTASSIUM-SAVING DRUGS#IDROCLOROTIAZIDE E FARMACI RISPARMIATORI DI POTASSIO
'IDROXICARBAMIDE',HYDROXICARBAMIDE#IDROXICARBAMIDE
'IDROXICLOROCHINA',HYDROXYCHLOROQUINE#IDROXICLOROCHINA
'IDROXOCOBALAMINA',HYDROXOCOBALAMINA#IDROXOCOBALAMINA
'IMIDAZOLI/TRIAZOLI IN ASSOCIAZIONE CON CORTICOSTEROIDI',IMIDAZOLES/TRIAZOLES IN ASSOCIATION WITH CORTICOSTEROIDS#IMIDAZOLI/TRIAZOLI IN ASSOCIAZIONE CON CORTICOSTEROIDI
'IMMUNOGLOBULINA TETANICA',TETANIC IMMUNOGLOBULIN#IMMUNOGLOBULINA TETANICA
'INDACATEROLO E GLICOPIRRONIO BROMURO',INDACATEROL AND GLYCOPYRHONIUM BROMIDE#INDACATEROLO E GLICOPIRRONIO BROMURO
'INDOBUFENE',INDOBUFEN#INDOBUFENE
'INDOMETACINA',INDOMETHACIN#INDOMETACINA
'INSULINA ASPART',INSULIN ASPART#INSULINA ASPART
'INSULINA GLARGINE',INSULIN GLARGINE#INSULINA GLARGINE
'INSULINA GLULISINA',INSULIN GLULISINE#INSULINA GLULISINA
'INSULINA LISPRO',INSULIN LISPRO#INSULINA LISPRO
'INVECCHIAMENTO',AGING#INVECCHIAMENTO
'IPRATROPIO BROMURO',IPRATROPIUM BROMIDE#IPRATROPIO BROMURO
'IRBESARTAN',IRBESARTAN#IRBESARTAN
'IRBESARTAN E DIURETICI',IRBESARTAN AND DIURETICS#IRBESARTAN E DIURETICI
'ISOPROPAMIDE E PSICOLETTICI',ISOPROPAMIDE AND PSYCHOLEPTICS#ISOPROPAMIDE E PSICOLETTICI
'ISOSORBIDE DINITRATO',ISOSORBIDE DINITRATE#ISOSORBIDE DINITRATO
'ISOSORBIDE MONONITRATO',ISOSORBIDE MONONITRATE#ISOSORBIDE MONONITRATO
'ISOTRETINOINA',ISOTRETINOIN#ISOTRETINOINA
'ITRACONAZOLO',ITRACONAZOLE#ITRACONAZOLO
'IVABRADINA',IVABRADINE#IVABRADINA
'KETOPROFENE',KETOPROFEN#KETOPROFENE
'KETOROLAC',KETOROLAC#KETOROLAC
'LACIDIPINA',LACIDIPINA#LACIDIPINA
'LACOSAMIDE',LACOSAMIDE#LACOSAMIDE
'LACRIME ARTIFICIALI ED ALTRI PREPARATI NEUTRI',ARTIFICIAL TEARS AND OTHER NEUTRAL PREPARATIONS#LACRIME ARTIFICIALI ED ALTRI PREPARATI NEUTRI
'LAMOTRIGINA',LAMOTRIGINE#LAMOTRIGINA
'LANSOPRAZOLO',LANSOPRAZOLE#LANSOPRAZOLO
'LATANOPROST',LATANOPROST#LATANOPROST
'LATTULOSIO',LACTULOSE#LATTULOSIO
'LERCANIDIPINA',LERCANIDIPINE#LERCANIDIPINA
'LETROZOLO',LETROZOLE#LETROZOLO
'LEUPRORELINA',LEUPRORELINA#LEUPRORELINA
'LEVETIRACETAM',LEVETIRACETAM#LEVETIRACETAM
'LEVOCETIRIZINA',LEVOCETIRIZINE#LEVOCETIRIZINA
'LEVODOPA',LEVODOPA#LEVODOPA
'LEVODOPA ED INIBITORE DELLA DECARBOSSILASI',LEVODOPA AND DECARBOXYLASE INHIBITOR#LEVODOPA ED INIBITORE DELLA DECARBOSSILASI
'LEVODROPROPIZINA',LEVODROPROPIZINE#LEVODROPROPIZINA
'LEVOFLOXACINA',LEVOFLOXACIN#LEVOFLOXACINA
'LEVOSULPIRIDE',LEVOSULPIRIDES#LEVOSULPIRIDE
'LEVOTIROXINA SODICA',LEVOTHYROXINE SODIUM#LEVOTIROXINA SODICA
'LIDOCAINA',LIDOCAINE#LIDOCAINA
'LIMECICLINA',LIMECYCLINE#LIMECICLINA
'LINAGLIPTIN',LINAGLIPTIN#LINAGLIPTIN
'LINCOMICINA',LINCOMYCIN#LINCOMICINA
'LISINOPRIL',LISINOPRIL#LISINOPRIL
'LISINOPRIL E DIURETICI',LISINOPRIL AND DIURETICS#LISINOPRIL E DIURETICI
'LITIO',LITHIUM#LITIO
'LOPERAMIDE',LOPERAMIDE#LOPERAMIDE
'LORATADINA',LORATADINE#LORATADINA
'LORAZEPAM',LORAZEPAM#LORAZEPAM
'LORMETAZEPAM',LORMETAZEPAM#LORMETAZEPAM
'LOSARTAN',LOSARTAN#LOSARTAN
'LOSARTAN E DIURETICI',LOSARTAN AND DIURETICS#LOSARTAN E DIURETICI
'LOVASTATINA',LOVASTATIN#LOVASTATINA
'MACROGOL',MACROGOL#MACROGOL
'MACROGOL ASSOCIAZIONI',MACROGOL ASSOCIATIONS#MACROGOL ASSOCIAZIONI
'MAGALDRATO',MAGALDRATO#MAGALDRATO
'MAGNESIO PIDOLATO',PIDOLATED MAGNESIUM#MAGNESIO PIDOLATO
'MANIDIPINA',MANIDIPINA#MANIDIPINA
'MEBENDAZOLO',MEBENDAZOLE#MEBENDAZOLO
'MEFLOCHINA',MEFLOCHINE#MEFLOCHINA
'MELATONINA',MELATONIN#MELATONINA
'MELEVODOPA E INIBITORI DELLA DERCARBOSSILASI',MELEVODOPA AND DERCARBOXYLASE INHIBITORS#MELEVODOPA E INIBITORI DELLA DERCARBOSSILASI
'MELOXICAM',MELOXICAM#MELOXICAM
'MEMANTINA',MEMANTINA#MEMANTINA
'MESALAZINA',MESALAZIN#MESALAZINA
'METAMIZOLO SODICO',METAMIZOLE SODIUM#METAMIZOLO SODICO
'METFORMINA',METFORMIN#METFORMINA
'METFORMINA E LINAGLIPTIN',METFORMIN AND LINAGLIPTIN#METFORMINA E LINAGLIPTIN
'METFORMINA E SITAGLIPTIN',METFORMIN AND SITAGLIPTIN#METFORMINA E SITAGLIPTIN
'METFORMINA E SULFONILUREE',METFORMIN AND SULFONILUREAS#METFORMINA E SULFONILUREE
'METFORMINA ED EMPAGLIFLOZIN',METFORMIN AND EMPAGLIFLOZIN#METFORMINA ED EMPAGLIFLOZIN
'METILERGOMETRINA',METHYLERGOMETRIN#METILERGOMETRINA
'METILPREDNISOLONE',METHYLPREDNISOLONE#METILPREDNISOLONE
'METILPREDNISOLONE ACEPONATO',METHYLPREDNISOLONE ACEPONATE#METILPREDNISOLONE ACEPONATO
'METOCLOPRAMIDE',METOCLOPRAMIDE#METOCLOPRAMIDE
'METOLAZONE',METOLAZONE#METOLAZONE
'METOPROLOLO',METOPROLOL#METOPROLOLO
'METOTREXATO',METHOTREXATE#METOTREXATO
'METRONIDAZOLO',METRONIDAZOLE#METRONIDAZOLO
'MICONAZOLO',MICONAZOLE#MICONAZOLO
'MICROORGANISMI ANTIDIARROICI',ANTIDIARRHOIC MICROORGANISMS#MICROORGANISMI ANTIDIARROICI
'MINERALI/VITAMINE/AMINOACIDI/PROTEINE',MINERALS/VITAMINS/AMINO ACIDS/PROTEINS#MINERALI/VITAMINE/AMINOACIDI/PROTEINE
'MINOCICLINA',MINOCYCLINE#MINOCICLINA
'MIRTAZAPINA',MIRTAZAPINE#MIRTAZAPINA
'MOMETASONE',MOMETASONE#MOMETASONE
'MONTELUKAST',MONTELUKAST#MONTELUKAST
'MORNIFLUMATO',MORNIFLUMATO#MORNIFLUMATO
'MOXIFLOXACINA',MOXIFLOXACIN#MOXIFLOXACINA
'NADROPARINA',NADROPARIN#NADROPARINA
'NAPROXENE',NAPROXEN#NAPROXENE
'NEBIVOLOLO',NEBIVOLOLO#NEBIVOLOLO
'NEBIVOLOLO E TIAZIDI',NEBIVOLOL AND THIAZIDES#NEBIVOLOLO E TIAZIDI
'NEDOCROMILE',NEDOCROMILE#NEDOCROMILE
'NEOMICINA',NEOMICIN#NEOMICINA
'NETILMICINA',NETILMICIN#NETILMICINA
'NIFEDIPINA',NIFEDIPINE#NIFEDIPINA
'NIMESULIDE',NIMESULIS#NIMESULIDE
'NISTATINA',NISTATIN#NISTATINA
'NITRAZEPAM',NITRAZEPAM#NITRAZEPAM
'NITROGLICERINA',NITROGLYCERIN#NITROGLICERINA
'NOMEGESTROLO',NAMEGESTROL#NOMEGESTROLO
'NOMEGESTROLO ED ESTROGENI',NAMEGESTROL AND ESTROGENS#NOMEGESTROLO ED ESTROGENI
'NORTRIPTILINA',NORTRIPTILINE#NORTRIPTILINA
'OFLOXACINA',OFLOXACIN#OFLOXACINA
'OLANZAPINA',OLANZAPINA#OLANZAPINA
'OLMESARTAN MEDOXOMIL',OLMESARTAN MEDOXOMIL#OLMESARTAN MEDOXOMIL
'OLMESARTAN MEDOXOMIL E AMLODIPINA',OLMESARTAN MEDOXOMIL AND AMLODIPINE#OLMESARTAN MEDOXOMIL E AMLODIPINA
'OLMESARTAN MEDOXOMIL E DIURETICI',OLMESARTAN MEDOXOMIL AND DIURETICS#OLMESARTAN MEDOXOMIL E DIURETICI
'OMEGA-3-TRIGLICERIDI INCLUSI ALTRI ESTERI E ACIDI',OMEGA-3-TRIGLYCERIDES INCLUDING OTHER ESTERS AND ACIDS#OMEGA-3-TRIGLICERIDI INCLUSI ALTRI ESTERI E ACIDI
'OMEPRAZOLO',OMEPRAZOLE#OMEPRAZOLO
'ORGANISMI PRODUTTORI DI ACIDO LATTICO',LACTIC ACID PRODUCING ORGANISMS#ORGANISMI PRODUTTORI DI ACIDO LATTICO
'OVULI E CAPSULE VAGINALI',OVA AND VAGINAL CAPSULES#OVULI E CAPSULE VAGINALI
'OXAPROZINA',OXAPROZINE#OXAPROZINA
'OXCARBAZEPINA',OXCARBAZEPINE#OXCARBAZEPINA
'OXIBUTININA',OXYBUTYN#OXIBUTININA
'OXICODONE E NALOXONE',OXICODONE AND NALOXONE#OXICODONE E NALOXONE
'PANTOPRAZOLO',PANTOPRAZOLE#PANTOPRAZOLO
'PARACETAMOLO',PARACETAMOL#PARACETAMOLO
'PARACETAMOLO ASSOCIAZIONI ESCLUSI GLI PSICOLETTICI',PARACETAMOL ASSOCIATIONS EXCLUDING PSYCHOLEPTICS#PARACETAMOLO ASSOCIAZIONI ESCLUSI GLI PSICOLETTICI
'PAROXETINA',PAROXETINE#PAROXETINA
'PENCICLOVIR',PENCYCLOVIR#PENCICLOVIR
'PENTOXIFILLINA',PENTOXYFILLIN#PENTOXIFILLINA
'PERFENAZINA',PERPHENAZINE#PERFENAZINA
'PERINDOPRIL',PERINDOPRIL#PERINDOPRIL
'PERINDOPRIL E AMLODIPINA',PERINDOPRIL AND AMLODIPINE#PERINDOPRIL E AMLODIPINA
'PERINDOPRIL E DIURETICI',PERINDOPRIL AND DIURETICS#PERINDOPRIL E DIURETICI
'PIOGLITAZONE',PIOGLITAZONE#PIOGLITAZONE
'PIPERACILLINA ED INIBITORI ENZIMATICI',PIPERACILLIN AND ENZYME INHIBITORS#PIPERACILLINA ED INIBITORI ENZIMATICI
'PIRACETAM',PIRACETAM#PIRACETAM
'PIRIDOSTIGMINA',PYRIDOSTIGMINE#PIRIDOSTIGMINA
'PIROXICAM',PIROXICAM#PIROXICAM
'POLIENZIMI (LIPASI',POLYENZYMES (LIPASES#POLIENZIMI (LIPASI
'POLIVALENTI',MULTIPURPOSE#POLIVALENTI
'POLIVITAMINICI ED ALTRI MINERALI',MULTI-VITAMINS AND OTHER MINERALS#POLIVITAMINICI ED ALTRI MINERALI
'POLIVITAMINICI ED ALTRI MINERALI INCLUSE LE ASSOCIAZIONI',MULTI-VITAMINS AND OTHER MINERALS INCLUDING ASSOCIATIONS#POLIVITAMINICI ED ALTRI MINERALI INCLUSE LE ASSOCIAZIONI
'POTASSIO CLORURO',POTASSIUM CHLORIDE#POTASSIO CLORURO
'POVIDONE-IODIO',POVIDONE-IODIUM#POVIDONE-IODIO
'PRAMIPEXOLO',PRAMIPEXOLE#PRAMIPEXOLO
'PRAVASTATINA',PRAVASTATIN#PRAVASTATINA
'PRAZEPAM',PRAZEPAM#PRAZEPAM
'PREDNISONE',PREDNISONE#PREDNISONE
'PREGABALIN',PREGABALIN#PREGABALIN
'PREPARATI A BASE DI DERIVATI DELLACIDO SALICILICO',PREPARATIONS BASED ON SALICYLIC ACID DERIVATIVES#PREPARATI A BASE DI DERIVATI DELLACIDO SALICILICO
'PREPARATI INDIFFERENTI',PREPARED INDIFFERENT#PREPARATI INDIFFERENTI
'PRODOTTI ANTIEMORROIDALI E ANTIRAGADI',ANTIHEMORROIDAL AND ANTIFISH PRODUCTS#PRODOTTI ANTIEMORROIDALI E ANTIRAGADI
'PRODOTTI PER APPARATO GASTROINTESTINALE',PRODUCTS FOR THE GASTROINTESTINAL SYSTEM#PRODOTTI PER APPARATO GASTROINTESTINALE
'PRODOTTI PER APPARATO GENITALE',PRODUCTS FOR THE GENITAL SYSTEM#PRODOTTI PER APPARATO GENITALE
'PRODOTTI PER LA CUTE',SKIN PRODUCTS#PRODOTTI PER LA CUTE
'PROGESTERONE',PROGESTERONE#PROGESTERONE
'PROMAZINA',PROMAZIN#PROMAZINA
'PROMESTRIENE',PROMESTRIENE#PROMESTRIENE
'PROPAFENONE',PROPAFENONE#PROPAFENONE
'PROPANTELINA E PSICOLETTICI',PROPANTHELIN AND PSYCHOLEPTICS#PROPANTELINA E PSICOLETTICI
'PROPRANOLOLO',PROPRANOLOL#PROPRANOLOLO
'PRULIFLOXACINA',PRULIFLOXACIN#PRULIFLOXACINA
'QUETIAPINA',QUETIAPINA#QUETIAPINA
'QUINAPRIL',QUINAPRIL#QUINAPRIL
'QUINAPRIL E DIURETICI',QUINAPRIL AND DIURETICS#QUINAPRIL E DIURETICI
'RABEPRAZOLO',RABEPRAZOLE#RABEPRAZOLO
'RAMIPRIL',RAMIPRIL#RAMIPRIL
'RAMIPRIL E AMLODIPINA',RAMIPRIL AND AMLODIPINE#RAMIPRIL E AMLODIPINA
'RAMIPRIL E DIURETICI',RAMIPRIL AND DIURETICS#RAMIPRIL E DIURETICI
'RANITIDINA',RANITIDINE#RANITIDINA
'RANOLAZINA',RANOLAZINA#RANOLAZINA
'REPAGLINIDE',REPAGLINIDE#REPAGLINIDE
'RIFAXIMINA',RIFAXIMIN#RIFAXIMINA
'RISPERIDONE',RISPERIDON#RISPERIDONE
'RIVAROXABAN',RIVAROXABAN#RIVAROXABAN
'RIVASTIGMINA',RIVASTIGMINA#RIVASTIGMINA
'RIZATRIPTAN',RIZATRIPTAN#RIZATRIPTAN
'ROSUVASTATINA',ROSUVASTATIN#ROSUVASTATINA
'ROTIGOTINA',ROTIGOTINA#ROTIGOTINA
'ROXITROMICINA',ROXITHROMYCIN#ROXITROMICINA
'RUPATADINA',RUPATADINE#RUPATADINA
'SABAL SERRULATA FRUTTO (SERENOA REPENS)',SABAL SERRULATA FRUIT (SERENOA REPENS)#SABAL SERRULATA FRUTTO (SERENOA REPENS)
'SACCHAROMYCES BOULARDII',SACCHAROMYCES BOULARDII#SACCHAROMYCES BOULARDII
'SAFINAMIDE',SAFINAmide#SAFINAMIDE
'SALBUTAMOLO',SALBUTAMOL#SALBUTAMOLO
'SALBUTAMOLO E BECLOMETASONE',SALBUTAMOL AND BECLOMETASONE#SALBUTAMOLO E BECLOMETASONE
'SALBUTAMOLO E IPRATROPIO BROMURO',SALBUTAMOL AND IPRATROPIUM BROMIDE#SALBUTAMOLO E IPRATROPIO BROMURO
'SALMETEROLO E FLUTICASONE',SALMETEROL AND FLUTICASONE#SALMETEROLO E FLUTICASONE
'SCIROPPI E GRANULATI',SYRUPS AND GRANULES#SCIROPPI E GRANULATI
'SERTRALINA',SERTRALINA#SERTRALINA
'SILDENAFIL',SILDENAFIL#SILDENAFIL
'SILICONI',SILICONES#SILICONI
'SILODOSINA',SILODOSIN#SILODOSINA
'SIMVASTATINA',SIMVASTATIN#SIMVASTATINA
'SIMVASTATINA ED EZETIMIBE',SIMVASTATIN AND EZETIMIBE#SIMVASTATINA ED EZETIMIBE
'SODIO PICOSOLFATO',SODIUM PICOSULPHATE#SODIO PICOSOLFATO
'SODIO PICOSOLFATO ASSOCIAZIONI',SODIUM PICOSULPHATE ASSOCIATIONS#SODIO PICOSOLFATO ASSOCIAZIONI
'SOSTANZE DISINTOSSICANTI PER TRATTAMENTI CITOSTATICI',DETOXIFYING SUBSTANCES FOR CYTOSTATIC TREATMENTS#SOSTANZE DISINTOSSICANTI PER TRATTAMENTI CITOSTATICI
'SOTALOLO',SOTALOL#SOTALOLO
'SPIRAMICINA',SPIRAMICIN#SPIRAMICINA
'SPIRONOLATTONE',SPIRONOLACTONE#SPIRONOLATTONE
'STIPSI E TRANSITO INTESTINALE',CONSTIPATION AND INTESTINAL TRANSIT#STIPSI E TRANSITO INTESTINALE
'SUCRALFATO',SUCRALFATE#SUCRALFATO
'SULFAMETOXAZOLO E TRIMETOPRIM',SULFAMETHOXAZOLE AND TRIMETOPRIM#SULFAMETOXAZOLO E TRIMETOPRIM
'SULODEXIDE',SULODEXIDE#SULODEXIDE
'TADALAFIL',TADALAFIL#TADALAFIL
'TAFLUPROST',TAFLUPROST#TAFLUPROST
'TAMOXIFENE',TAMOXIFEN#TAMOXIFENE
'TAMSULOSINA',TAMSULOSIN#TAMSULOSINA
'TAPENTADOLO',TAPENTADOLO#TAPENTADOLO
'TELMISARTAN',TELMISARTAN#TELMISARTAN
'TELMISARTAN E DIURETICI',TELMISARTAN AND DIURETICS#TELMISARTAN E DIURETICI
'TERBINAFINA',TERBINAFINA#TERBINAFINA
'TESTOSTERONE',TESTOSTERONE#TESTOSTERONE
'TIAMAZOLO',THIAMAZOLE#TIAMAZOLO
'TIAMFENICOLO',THIAMPHENICOL#TIAMFENICOLO
'TICAGRELOR',TICAGRELOR#TICAGRELOR
'TICLOPIDINA',TICLOPIDINE#TICLOPIDINA
'TIMOLOLO',TIMOLOL#TIMOLOLO
'TIMOLOLO ASSOCIAZIONI',TIMOLOL ASSOCIATIONS#TIMOLOLO ASSOCIAZIONI
'TINIDAZOLO',TINIDAZOLE#TINIDAZOLO
'TIOCOLCHICOSIDE',THIOCOLCHICOSIDE#TIOCOLCHICOSIDE
'TIOCONAZOLO',TIOCONAZOLE#TIOCONAZOLO
'TIOTROPIO BROMURO',TIOTROPIUM BROMIDE#TIOTROPIO BROMURO
'TIZANIDINA',TIZANIDINA#TIZANIDINA
'TOBRAMICINA',TOBRAMICIN#TOBRAMICINA
'TOLTERODINA',TOLTERODINE#TOLTERODINA
'TONICI PSICO-FISICI E MEMORIA',PSYCHO-PHYSICAL TONICS AND MEMORY#TONICI PSICO-FISICI E MEMORIA
'TOPIRAMATO',TOPIRAMATE#TOPIRAMATO
'TORASEMIDE',TORASEMIDE#TORASEMIDE
'TRAMADOLO',TRAMADOL#TRAMADOLO
'TRAMADOLO E DEXKETOPROFENE',TRAMADOL AND DEXKETOPROFENE#TRAMADOLO E DEXKETOPROFENE
'TRAMADOLO E PARACETAMOLO',TRAMADOL AND PARACETAMOL#TRAMADOLO E PARACETAMOLO
'TRAVOPROST',TRAVOPROST#TRAVOPROST
'TRAZODONE',TRAZODONE#TRAZODONE
'TRIAMCINOLONE',TRIAMCINOLONE#TRIAMCINOLONE
'TRIAMCINOLONE ED ANTIBIOTICI',TRIAMCINOLONE AND ANTIBIOTICS#TRIAMCINOLONE ED ANTIBIOTICI
'TRIAZOLAM',TRIAZOLAM#TRIAZOLAM
'TRIMEBUTINA',TRIMEBUTINE#TRIMEBUTINA
'TRIMIPRAMINA',TRIMIPRAMINE#TRIMIPRAMINA
'TRIPTORELINA',TRIPTORELIN#TRIPTORELINA
'UBIDECARENONE',UBIDECARENONE#UBIDECARENONE
'UMECLIDINIO BROMURO',HUMECLIDINIUM BROMIDE#UMECLIDINIO BROMURO
'VALACICLOVIR',VALACICLOVIR#VALACICLOVIR
'VALSARTAN',VALSARTAN#VALSARTAN
'VALSARTAN E DIURETICI',VALSARTAN AND DIURETICS#VALSARTAN E DIURETICI
'VALSARTAN E SACUBITRIL',VALSARTAN AND SACUBITRIL#VALSARTAN E SACUBITRIL
'VARDENAFIL',VARDENAFIL#VARDENAFIL
'VARI',VARIOUS#VARI
'VENLAFAXINA',VENLAFAXINE#VENLAFAXINA
'VERAPAMIL',VERAPAMIL#VERAPAMIL
'VILANTEROLO E FLUTICASONE FUROATO',VILANTEROL AND FLUTICASONE FUROATE#VILANTEROLO E FLUTICASONE FUROATO
'VILANTEROLO E UMECLIDINIO BROMURO',VILANTEROL AND UMECLIDINIUM BROMIDE#VILANTEROLO E UMECLIDINIO BROMURO
'VITAMINA B1',VITAMIN B1#VITAMINA B1
'VORTIOXETINA',VORTHIOXETINE#VORTIOXETINA
'WARFARIN',WARFARIN#WARFARIN
'ZOFENOPRIL',ZOFENOPRIL#ZOFENOPRIL
'ZOLPIDEM',ZOLPIDEM#ZOLPIDEM
'ZUCLOPENTIXOLO',ZUCLOPENTIXOL#ZUCLOPENTIXOLO
'''001''',Acromegaly and gigantism#001
'''002''',Circulatory system affections#002
'''0031''',Arterial hypertension (St. II and III)#0031
'''006''',Rheumatoid arthritis#006
'''007''',Asthma#007
'''008''',Liver cirrhosis - biliary cirrhosis#008
'''009''',Ulcerative colitis - Crohn's disease#009
'''014''',Drug addiction. and alcohol#014
'''016''',Chronic (active) hepatitis#016
'''017''',Epilepsy#017
'''019''',Glaucoma#019
'''020''',HIV infection#020
'''023''',Chronic renal failure#023
'''024''',Chronic respiratory failure#024
'''025''',Hypercholesterolemia - Hyperlipoproteinemia#025
'''026''',Hyperparathyroidism - Hypoparathyroidism#026
'''027''',Congenital and acquired hypothyroidism#027
'''030''',Sjogren's disease#030
'''034''',Myasthenia gravis#034
'''035''',Graves' disease - Hyperthyroidism#035
'''038''',Parkinson's disease#038
'''039''',Pituitary dwarfism#039
'''041''',Neuromyelitis optica#041
'''044''',Psychosis#044
'''045''',Psoriasis#045
'''046''',Multiple sclerosis#046
'''048''',Malignant neoplasms#048
'''050''',Subjects awaiting transplant#050
'''052''',Subjects undergoing transplant#052
'''056''',Hashimoto's thyroiditis#056
'''0A02''',Circulatory system affections. cardiopulmonary#0A02
'''0A31''',Arterial hypertension without organ damage#0A31
'''0B02''',Circulatory system affections. cerebrovascular#0B02
'''0C02''',Circulatory system affections. arteries/veins#0C02
'''401''',Arterial hypertension drug treatment#401
'''C01''',Civil disabled 100%#C01
'''C02''',100% civilian disabled with accompaniment#C02
'''C03''',Civilian disabled people over 2/3 < 100%#C03
'''C04''',Disabled minors with accompanying allowance#C04
'''C05''',Blind#C05
'''C06''',Deaf and dumb#C06
'''D01''',Regional Screening#D01
'''D02''',Early diagnosis of tumors - cytological (between 25 and 65 years every 3 years)#D02
'''D03''',Early diagnosis of tumors - mammographic (between 45 and 69 years every 2 years)#D03
'''D04''',Early colorectal diagnosis (everyone aged 45 and over every 5 years)#D04
'''E01''',Income and age exemption#E01
'''E02''',Unemployed income exemption#E02
'''E03''',Social pension income exemption#E03
'''E04''',Minimum pension income exemption#E04
'''E94''',SUBJECTS BELONGING TO FAMILIES WITH ANNUAL INCOME UP TO EUR 18000#E94
'''E99''',Income exemption from regional anti-crisis measures#E99
'''H01''',Exemption for disbursement appropriateness#H01
'''I01''',Certificate issuing services#I01
'''L02''',Working disabled 67-79%#L02
'''L03''',Working disabled 1- 67%#L03
'''L04''',Injured at work or suffering from professional illness#L04
'''M00''',Responsible maternity protection#M00
'''M50''',Pregnancy at risk#M50
'''R99''',Rare Disease (suspected)#R99
'''RBG010''',NEUROFIBROMATOSIS#RBG010
'''RCG150''',HISTIOCYTOSIS X#RCG150
'''RF0100''',AMYOTROPHIC LATERAL SCLEROSIS#RF0100
'''RG0050''',CHURG-STRAUSS SYNDROME#RG0050
'''RI0060''',CELIAC SPRUE#RI0060
'''RM''',Rare Diseases#RM
'''RMG010''',UNDIFFERENTIATED CONNECTIVITY#RMG010
'''RN0710''',MITOCONDRUM MYOPATHY-ENCEPHALOPATHY-LACTIC ACIDOSIS-STROKE#RN0710
'''T16''',Exemption for earthquake victims in the Marche region#T16
'''TDL01''',Severe pain therapy#TDL01
'''V01''',Victims of terrorism and organized crime#V01