New Names,Cats,Cats 2
HELICOBACTER PYLORI INFECTION#041.86,Medical History,
SHINGLES#053.9,Medical History,
CHRONIC HEPATITIS C 3rd#070.54,Medical History,
INFECTIOUS MONONUCLEOSIS#075,Medical History,
K STOMACH#151.9,Medical History,
K COLON#153.9,Medical History,
K PULMONARY#162.9,Medical History,
CUTANEOUS MELANOMA#172.9,Medical History,
K UDDLE#174.9,Medical History,
K PROSTATE#185,Medical History,
K PROSTATE#185.0,Medical History,
K BLADDER#188.9,Medical History,
K RIGHT KIDNEY#189.0,Medical History,
Lymphoma#202.0,Medical History,
COLON POLYPS#211.3,Medical History,
GOITER#240.9,Medical History,
THYROID NODULE#241.0,Medical History,
NON-TOXIC MULTINODULAR GOITER#241.1,Medical History,
Graves disease#242.0,Medical History,
TOXIC MULTINODULAR GOITER#242.2,Medical History,
POST-SURGICAL HYPOTHYROIDISM#244.0,Medical History,
HYPOTHYROIDISM from chronic thyroiditis#244.9,Medical History,
HASHIMOTO THYROIDITIS#245.2,Medical History,
HYPERCHOLESTEROLEMIA#272.0,Medical History,
DYSLIPIDEMIA#272.2,Medical History,
DYSLIPIDEMIA - HYPERLIPIDEMIA -#272.4,Medical History,
MONOCLONAL GAMMAPATHY of uncertain significance#273.1,Medical History,
GOUT#274.9,Medical History,
GILBERT SYNDROME#277.4,Medical History,
OBESITY#278.0,Medical History,
SENILE DEMENTIA#290.0,Medical History,
ARTERIOSCLEROTIC DEMENTIA#290.4,Medical History,
Psychosis#044,Medical History,
ANXIETY#300.00,Medical History,
ANXIOUS DEPRESSION#300.4,Medical History,
ALZHEIMER'S DISEASE#331.0,Medical History,
PARKINSON'S DISEASE#332.0,Medical History,
MIGRAINE#346.9,Medical History,
LEFT CARPAL TUNNEL SYNDROME#354.0,Medical History,
Glaucoma#019,Medical History,
HEARING IMPAIRMENT#389.9,Medical History,
ARTERIAL HYPERTENSION#401.9,Medical History,
ACUTE MYOCARDIAL INFARCTION#410.9,Medical History,
PREVIOUS MYOCARDIAL INFARCTION#412,Medical History,
CHRONIC MYOCARDIAL ISCHEMIA#414.8,Medical History,
CHRONIC CARDIAC ISCHEMIA#414.9,Medical History,
MITRAL INSUFFICIENCY#424.0,Medical History,
AORTIC STENOSIS#424.1,Medical History,
ATRIAL FIBRILLATION#427.3,Medical History,
ATRIAL FIBRILLATION#427.31,Medical History,
HEART FAILURE#428.9,Medical History,
CEREBRAL STROKE < CEREBRAL ARTERY OCCLUSION >#434.9,Medical History,
TRANSIENT CEREBRAL ISCHEMIA#435.9,Medical History,
STROKE#436,Medical History,
MULTINFARTUAL ENCEPHALOPATHY#437.1,Medical History,
Thoracic AORTA DILATION#441.9,Medical History,
VARICOSE OF LOWER LIMBS#454.9,Medical History,
INFLUENCE#487.1,Medical History,
CHRONIC OBSTRUCTIVE BRONCHITIS < COPD > flared up#491.2,Medical History,
Bronchial asthma#493.9,Medical History,
COPD CHRONIC OBSTRUCTIVE BRONCHITIS#496,Medical History,
GASTROESOPHAGEAL REFLUX WITH GRADE I AND II ESOPHAGITIS < GERD >#530.1,Medical History,
REFLUX ESOPHAGITIS 1 AND 2 GRADE#530.11,Medical History,
GASTROESOPHAGEAL REFLUX#530.81,Medical History,
GASTRIC ULCER#531.9,Medical History,
DUODENAL ULCER#532.9,Medical History,
INGUINAL HERNIA#550.9,Medical History,
HIATAL HERNIA#553.3,Medical History,
COLON DIVERTICULUS#562.1,Medical History,
CHRONIC HEPATITIS FROM HEPATITIS C#571.4,Medical History,
GALLBLADSTONE STONES#574.2,Medical History,
NEPHROLITHIASIS#592.0,Medical History,
Miscarriage#634.9,Medical History,
GENERALIZED ARTHROSIS#715.0,Medical History,
LEFT LUMBOSCIATALGIA#722.10,Medical History,
LOW BACK PAIN#724.2,Medical History,
RIGHT SCIATALGIA#724.3,Medical History,
SCAPOLHOMERAL PERIARTHRITIS#726.2,Medical History,
OSTEOPOROSIS#733.0,Medical History,
DIZZINESS#780.4,Medical History,
SLEEP APNEA#780.57,Medical History,
COUGH in case of flu#786.2,Medical History,
RIGHT RENAL COLIC#788.0,Medical History,
URINARY INCONTINENCE#788.3,Medical History,
FRACTURE OF THE DORSAL VERTEBRAE somatic D7#805.2,Medical History,
FRACTURE OF THE LUMBAR VERTEBRAE#805.4,Medical History,
FRACTURE OF RIBS#807.0,Medical History,
FRACTURE OF THE LEFT WRIST#814.00,Medical History,
PERTROCHANTERIC FRACTURE OF THE FEMUR#820.2,Medical History,
FRACTURE OF THE LEFT FEMUR#821.00,Medical History,
FOOD ALLERGY probably to fish#995.3,Medical History,
NORMAL PREGNANCY#V22.1,Medical History,
PREGNANCY#V22.2,Medical History,
HIP PROSTHESIS#V43.64,Medical History,
LEFT KNEE PROSTHESIS#V43.65,Medical History,
LACK OF A FAMILY ABLE TO PROVIDE CARE#V60.4,SDoH,
PERMANENT BLADDER CATHETER (FOLEY)#101.14.,Medical History,
SHAPED DIAPER#101.21.,Medical History,
CATARACT SURGERY with lens implant#13.71,Medical History,
DUODENOSCOPY#45.13,Procedure,
COLONOSCOPY#45.23,Procedure,
REMOVAL OF SKIN LESION#86.4,Procedure,
X-ray of the dental arches <ORTHOPANORAMIC>#87.11.3,Test,
CERVICAL SPINE X-ray#87.22,Test,
LUMBOSACRAL SPINE X-ray#87.24,Test,
BILATERAL MAMMOGRAPHY#87.37.1,Test,
SN HEMITORACE RX FOR RIBS#87.43.2,Test,
CHEST X-ray#87.44.1,Test,
COMPLETE ABDOMEN CT + CONTRAST#88.01.6,Test,
ABDOMEN RX <DIRECT ABDOMEN>#88.19,Test,
LEFT SHOULDER#88.21,Test,
LEFT WRIST#88.23,Test,
RX HIP RX#88.26,Test,
RX KNEE RX#88.27,Test,
LEFT FOOT X-ray#88.28,Test,
THYROID ECHO <HEAD AND NECK ECHO>#88.71.4,Test,
CARDIAC ECHO <ECOCARDIOGRAPHY>#88.72.1,Test,
ECODOPPLER SUPRAORTIC TRUNKS<ECOCOLOR>#88.73.5,Test,
ECHO KIDNEYS AND ADRENALS#88.74.1,Test,
ECHO LOWER ABDOMEN#88.75.1,Test,
FULL ABDOMEN ECHO#88.76.1,Test,
ECOCOLORDOPPLER LOWER LIMBS. ART.#88.77.2,Test,
ECO SURFACE FABRICS#88.79.1,Test,
TRANSVAGINAL ECHO#88.79.7,Test,
MRI of the brain and brainstem. WITHOUT+CONTROL.#88.91.2,Test,
MRI RIGHT KNEE#88.94.1,Test,
LUMBAR AND FEMORAL DENSITOMETRY <DEXA>#88.99.2,Test,
V.CARDIOLOGICA control#89.01,Test,
V. NEUROLOGICAL#89.13,Test,
UROFLOWOMETRY#89.24,Test,
V.GYNECOLOGICAL#89.26,Test,
SPIROMETRY <BREATHING TESTS>#89.37.2,Test,
EFFORT ECG <CYCLE ERGOMETER>#89.43,Test,
DYNAMIC ECG <HOLTER>#89.50,Test,
ECG#89.52,Test,
V.SENOLOGICA#89.7,Test,
ALT <GPT> <ALANINE AMINOTRANSFERASE> <S>#90.04.5,Test,
PREALBUMIN#90.05.1,Test,
ALPHA 1 FETOPROTEIN <S>#90.05.5,Test,
AMYLASE#90.06.4,Test,
AST <GOT> <ASPARTATE AMINOTRANSFERASE>#90.09.2,Test,
BETA2 MICROGLOBULIN#90.10.1,Test,
TOTAL BILIRUBIN#90.10.4,Test,
TOTAL AND FRACTIONAL BILIRUBIN#90.10.5,Test,
SOCCER#90.11.4,Medication,
CALPROTECTIN IMMUNOMETRIC feces#90.12.A,Test,
CHLORINE#90.13.3,Test,
COBALAMIN <VIT.B12>#90.13.5,Medication,Test
HDL CHOLESTEROL#90.14.1,Test,
LDL CHOLESTEROL#90.14.2,Test,
TOTAL CHOLESTEROL#90.14.3,Test,
CPK <CREATINKINASE> <CK>#90.15.4,Test,
CREATININE#90.16.3,Test,
E2 <ESTRADIOL>#90.19.2,Medication,Test
STOOL OCCULT BLOOD ON 3 SAMPLES#90.21.4,Test,
FERRITIN#90.22.3,Test,
IRON <SIDEREMIA>#90.22.5,Test,
FOLATES#90.23.2,Test,
FSH <FOLLITROPIN>#90.23.3,Test,
ALKALINE PHOSPHATASE#90.23.5,Test,
PHOSPHORUS#90.24.5,Test,
GAMMA GT <GAMMA GLUTAMIL TRANSP.> <S>#90.25.5,Test,
GLUCOSE#90.27.1,Test,
CHORIONIC GONADOTROPIN free beta<S>#90.27.4,Test,
GLYCATED HEMOGLOBIN#90.28.1,Test,
BENCE JONES URINE#90.28.4,Test,
LDH <LACTATE DEHYDROGENASE>#90.29.2,Test,
LIPASE#90.30.2,Test,
LH <LUTEOTROPIN> <S>#90.32.3,Test,
TOTAL MAGNESIUM#90.32.5,Test,
MICROALBUMINURIA#90.33.4,Test,
BRAIN NATRIURETIC PEPTIDE (BNP or NT)#90.36.6,Test,
POTASSIUM#90.37.4,Test,Medication
PRL <PROLACTIN>#90.38.2,Test,
PROTIDOGRAM + TOTAL PROTEINS#90.38.4,Test,
SODIUM#90.40.4,Test,
TSH <THYROTROPIN>#90.42.1,Test,
T4 FREE <FREE THYROXINE>#90.42.3,Test,
TRANSFERRIN#90.42.5,Test,
TRIGLYCERIDES#90.43.2,Test,
T3 FREE <FREE TRIODOTYRONINE>#90.43.3,Test,
URICEMIA#90.43.5,Medical History,
UREA <AZOTEMIA>#90.44.1,Medical History,
URINE complete examination#90.44.3,Test,
VITAMIN D#90.44.5,Test,Medication
ANTI-CITRULLINE ANTIBODIES#90.47.3,Test,
INDIRECT COOMBS TEST#90.49.3,Test,
Ab ANTI TRANSGLUTAMINASE#90.49.5,Test,
ANTI THYROPEROXIDASE Ab <AbTPO>#90.51.4,Test,
ANTI NUCLEUS Ab <ANA>#90.52.4,Procedure,
ANTI THYROGLOBULIN Ab <TG>#90.54.4,Test,
CA 125 <CARBOHYDRATE ANTIGEN 125>#90.55.1,Test,
CA 15.3 <CARBOHYDRATE ANTIGEN>#90.55.2,Test,
CA 19.9 <CARBOHYDRATE ANTIGEN>#90.55.3,Test,
CEA <EMBRYONIC CARCINO ANTIGEN>#90.56.3,Test,
PSA <PROSTATIC SPECIFIC ANTIGEN>#90.56.5,Test,
PSA FREE#90.56.6,Test,
BLOOD CHROME+FORMULA#90.62.2,Test,
RHEUMATOID FACTOR <RHEUMA TEST>#90.64.2,Test,
FIBRINOGEN#90.65.1,Test,
BLOOD GROUP ABO and Rh#90.65.3,Test,Medical History
IgG IMMUNOGLOBULINS#90.69.4,Test,
PCR <C-REACTIVE PROTEIN>#90.72.3,Test,
RETICULOCYTES#90.74.5,Test,
PT <PROTHROMBIN TIME INR>#90.75.4,Test,
PTT <PARTIAL THROMBOPLASTIN TIME>#90.76.1,Test,
TROPONIN I#90.82.3,Test,
VES#90.82.5,Test,
VAGINAL swab#90.93.4,Test,
PHARYNGEAL SWAB#90.93.5,Test,
URINE CULTURE <URINE CULTURE>#90.94.2,Test,
TSHR#9042101,Test,
PSAR#9056501,Test,
TASO <Ab ANTI ANTISTREPTOLYSIN-O>#91.08.5,Test,
TOXOPLASMA ANTIBODY Total (E.I.A.)#91.09.4,Test,
TREPONEMA PALLIDUM TPHA quantitative#91.10.5,Test,
CYTOMEGALOVIRUS Ab <ANTIBODIES> f.c.#91.14.2,Test,
HEPATITIS B HBsAg Ab [HBV]#91.18.3,Test,
HEPATITIS B HBsAg Ag [HBV] [AU ANTIGEN]#91.18.5,Test,
HEPATITIS C RNA (P.C.R.) [HCV]#91.19.4,Test,
HEPATITIS C Ab [HCV]#91.19.5,Test,
HERPES VIRUS Ab f.c.#91.21.5,Test,
ANTI HIV Ab 1-2#91.22.4,Test,
RUBELLA VIRUS ANTIBODY <RUBEO TEST>#91.26.4,Test,
PAP TEST <VAGINAL CYTOLOGICAL>#91.38.5,Test,
HISTOPATHOLOGY Excisional SKIN BIOPSY#91.40.5,Procedure,
EMG <ELECTROMIGRAPHY>#93.08.1,Procedure,
PHYSIOKINESTHERAPY#93.16,Procedure,
MAGNETIC THERAPY#93.39.8,Procedure,
INTELLECTUAL IMPAIRMENT TEST#94.01.2,Procedure,
V. PSYCHIATRIC <PSYCHIATRIC INTERVIEW>#94.19.1,Procedure,
V. OPHELISTICS#95.02,Test,
FIELD OF VISION <CAMPIMETRY>#95.05,Procedure,
OPTICAL COHERENCE TOMOGRAPHY#95.17,Procedure,
TONE AUDIOMETRIC EXAM#95.41.1,Test,
WOUND DRESSING#96.59,Procedure,
INHALATION TREATMENTS#MW1E,Medication,
URINE COLLECTION BAGS#MW38,Medication,
HEIGHT#MW_1935,Medical History,
WEIGHT#MW_1946,Medical History,
BMI<BODY MASS INDEX>#MW_2609,Medical History,
CLEARANCE CREATININE (COCKROFT)#MW_3952,Test,
GFR estimated with MDRD formula#MW_5401,Test,
ACETYLCISTEINE#ACETILCISTEINA,Medication,
ACETYLSALICYLIC ACID#ACIDO ACETILSALICILICO,Medication,
ALGINIC ACID#ACIDO ALGINICO,Medication,
FOLIC ACID#ACIDO FOLICO,Medication,
URSODEOXYCHOLIC ACID#ACIDO URSODESOSSICOLICO,Medication,
ALFUZOSIN#ALFUZOSINA,Medication,
ALLOPURINOL#ALLOPURINOLO,Medication,
ALPRAZOLAM#ALPRAZOLAM,Medication,
AMIODARONE#AMIODARONE,Medication,
AMYTRIPTILINE#AMITRIPTILINA,Medication,
AMLODIPINE#AMLODIPINA,Medication,
AMOXICILLIN#AMOXICILLINA,Medication,
AMOXICILLIN AND ENZYME INHIBITORS#AMOXICILLINA ED INIBITORI ENZIMATICI,Medication,
MUSCLE-SKELETAL SYSTEM#APPARATO MUSCOLO SCHELETRICO,Medication,
ATENOLOL#ATENOLOLO,Medication,
ATORVASTATIN#ATORVASTATINA,Medication,
AZITHROMYCIN#AZITROMICINA,Medication,
BECLOMETHASONE#BECLOMETASONE,Medication,
BETAISTINA#BETAISTINA,Medication,
BETAMETHASONE#BETAMETASONE,Medication,
BIPHOSPHONATES#BIFOSFONATI,Medication,
BIMATOPROST#BIMATOPROST,Medication,
BISOPROLOL#BISOPROLOLO,Medication,
BRINZOLAMIDE#BRINZOLAMIDE,Medication,
BROMAZEPAM#BROMAZEPAM,Medication,
CALCIUM ASSOCIATIONS WITH VITAMIN D AND/OR OTHER DRUGS#CALCIO ASSOCIAZIONI CON VITAMINA D E/O ALTRI FARMACI,Medication,
CANRENONE#CANRENONE,Medication,
CARBOCYSTEINE#CARBOCISTEINA,Medication,
CARVEDILOLO#CARVEDILOLO,Medication,
CEFIXIME#CEFIXIMA,Medication,
CEFPODOXIME#CEFPODOXIMA,Medication,
CEFTRIAXONE#CEFTRIAXONE,Medication,
CETIRIZINE#CETIRIZINA,Medication,
CYANOCOBALAMIN#CIANOCOBALAMINA,Medication,
CIPROFLOXACIN#CIPROFLOXACINA,Medication,
CLARITHROMICIN#CLARITROMICINA,Medication,
CLOPIDOGREL#CLOPIDOGREL,Medication,
CHLORTETRACYCLINE#CLORTETRACICLINA,Medication,
CODEINE AND PARACETAMOL#CODEINA E PARACETAMOLO,Medication,
CHOLECALCIFEROL#COLECALCIFEROLO,Medication,
BENZODIAZEPE DERIVATIVES#DERIVATI BENZODIAZEPINICI,Medication,
DESAMETHASONE#DESAMETASONE,Medication,
DEXAMETHASONE AND ANTIMICROBIALS#DESAMETASONE ED ANTIMICROBICI,Medication,
DICLOFENAC#DICLOFENAC,Medication,
DIGOXIN#DIGOSSINA,Medication,
DIOSMINA ASSOCIATIONS#DIOSMINA ASSOCIAZIONI,Medication,
DOXAZOSIN#DOXAZOSIN,Medication,
DUTASTERIDE#DUTASTERIDE,Medication,
ELECTROLYTES#ELETTROLITI,Medication,
ENOXAPARIN#ENOXAPARINA,Medication,
EPERISON#EPERISONE,Medication,
EXITOPRAM#ESCITALOPRAM,Medication,
ESOMEPRAZOLE#ESOMEPRAZOLO,Medication,
ETORICOXIB#ETORICOXIB,Medication,
LACTIC FERMENTS#FERMENTI LATTICI,Medication,
FERROUS SULFATE#FERROSO SOLFATO,Medication,
FLUCONAZOLE#FLUCONAZOLO,Medication,
FLUNISOLIDE#FLUNISOLIDE,Medication,
FLUOXETINE#FLUOXETINA,Medication,
FORMOTEROL AND BUDESONIDE#FORMOTEROLO E BUDESONIDE,Medication,
PHOSPHOMYCIN#FOSFOMICINA,Medication,
FUROSEMIDE#FUROSEMIDE,Medication,
FUROSEMIDE AND POTASSIUM-SAVING DRUGS#FUROSEMIDE E FARMACI RISPARMIATORI DI POTASSIO,Medication,
GLIMEPIRIDE#GLIMEPIRIDE,Medication,
IBUPROFEN#IBUPROFENE,Medication,
HYDROCHLOROTHIAZIDE AND POTASSIUM-SAVING DRUGS#IDROCLOROTIAZIDE E FARMACI RISPARMIATORI DI POTASSIO,Medication,
HYDROXOCOBALAMINA#IDROXOCOBALAMINA,Medication,
INSULIN GLARGINE#INSULINA GLARGINE,Medication,
IRBESARTAN#IRBESARTAN,Medication,
ISOSORBIDE MONONITRATE#ISOSORBIDE MONONITRATO,Medication,
ITRACONAZOLE#ITRACONAZOLO,Medication,
KETOPROFEN#KETOPROFENE,Medication,
LANSOPRAZOLE#LANSOPRAZOLO,Medication,
LERCANIDIPINE#LERCANIDIPINA,Medication,
LEVODOPA AND DECARBOXYLASE INHIBITOR#LEVODOPA ED INIBITORE DELLA DECARBOSSILASI,Medication,
LEVOFLOXACIN#LEVOFLOXACINA,Medication,
LEVOSULPIRIDES#LEVOSULPIRIDE,Medication,
LEVOTHYROXINE SODIUM#LEVOTIROXINA SODICA,Medication,
LORAZEPAM#LORAZEPAM,Medication,
MACROGOL ASSOCIATIONS#MACROGOL ASSOCIAZIONI,Medication,
MAGALDRATO#MAGALDRATO,Medication,
MESALAZIN#MESALAZINA,Medication,
METFORMIN#METFORMINA,Medication,
METHYLPREDNISOLONE#METILPREDNISOLONE,Medication,
METHYLPREDNISOLONE ACEPONATE#METILPREDNISOLONE ACEPONATO,Medication,
METOPROLOL#METOPROLOLO,Medication,
METRONIDAZOLE#METRONIDAZOLO,Medication,
MINERALS/VITAMINS/AMINO ACIDS/PROTEINS#MINERALI/VITAMINE/AMINOACIDI/PROTEINE,Medication,
NEBIVOLOLO#NEBIVOLOLO,Medication,
NIMESULIS#NIMESULIDE,Medication,
OMEGA-3-TRIGLYCERIDES INCLUDING OTHER ESTERS AND ACIDS#OMEGA-3-TRIGLICERIDI INCLUSI ALTRI ESTERI E ACIDI,Medication,
OMEPRAZOLE#OMEPRAZOLO,Medication,
LACTIC ACID PRODUCING ORGANISMS#ORGANISMI PRODUTTORI DI ACIDO LATTICO,Medication,
OXAPROZINE#OXAPROZINA,Medication,
PANTOPRAZOLE#PANTOPRAZOLO,Medication,
PARACETAMOL#PARACETAMOLO,Medication,
PAROXETINE#PAROXETINA,Medication,
MULTIPURPOSE#POLIVALENTI,Medication,
POTASSIUM CHLORIDE#POTASSIO CLORURO,Medication,
PREDNISONE#PREDNISONE,Medication,
PREGABALIN#PREGABALIN,Medication,
PROMAZIN#PROMAZINA,Medication,
PRULIFLOXACIN#PRULIFLOXACINA,Medication,
QUETIAPINA#QUETIAPINA,Medication,
QUINAPRIL#QUINAPRIL,Medication,
RAMIPRIL#RAMIPRIL,Medication,
RAMIPRIL AND AMLODIPINE#RAMIPRIL E AMLODIPINA,Medication,
RAMIPRIL AND DIURETICS#RAMIPRIL E DIURETICI,Medication,
RIFAXIMIN#RIFAXIMINA,Medication,
ROSUVASTATIN#ROSUVASTATINA,Medication,
SALBUTAMOL#SALBUTAMOLO,Medication,
SALMETEROL AND FLUTICASONE#SALMETEROLO E FLUTICASONE,Medication,
SERTRALINA#SERTRALINA,Medication,
SIMVASTATIN#SIMVASTATINA,Medication,
TAMSULOSIN#TAMSULOSINA,Medication,
TAPENTADOLO#TAPENTADOLO,Medication,
THIAMPHENICOL#TIAMFENICOLO,Medication,
TIMOLOL#TIMOLOLO,Medication,
TIMOLOL ASSOCIATIONS#TIMOLOLO ASSOCIAZIONI,Medication,
THIOCOLCHICOSIDE#TIOCOLCHICOSIDE,Medication,
TRAZODONE#TRAZODONE,Medication,
VALACICLOVIR#VALACICLOVIR,Medication,
VALSARTAN#VALSARTAN,Medication,
VALSARTAN AND DIURETICS#VALSARTAN E DIURETICI,Medication,
VENLAFAXINE#VENLAFAXINA,Medication,
WARFARIN#WARFARIN,Medication,
Circulatory system affections#002,Medical History,
Arterial hypertension (St. II and III)#0031,Medical History,
Asthma#007,Medical History,
Chronic (active) hepatitis#016,Medical History,
GLAUCOMA#365.9,Medical History,
Congenital and acquired hypothyroidism#027,Medical History,
Psychosis#044,Medical History,
Malignant neoplasms#048,Medical History,
Hashimoto's thyroiditis#056,Medical History,
Circulatory system affections. cardiopulmonary#0A02,Medical History,
Arterial hypertension without organ damage#0A31,Medical History,
Civil disabled 100%#C01,SDoH,
100% civilian disabled with accompaniment#C02,SDoH,
Civilian disabled people over 2/3 < 100%#C03,SDoH,
Early diagnosis of tumors - mammographic (between 45 and 69 years every 2 years)#D03,Medical History,
Early colorectal diagnosis (everyone aged 45 and over every 5 years)#D04,Medical History,
Income and age exemption#E01,SDoH,
Unemployed income exemption#E02,SDoH,
Social pension income exemption#E03,SDoH,
Income exemption from regional anti-crisis measures#E99,SDoH,
Certificate issuing services#I01,SDoH,
Injured at work or suffering from professional illness#L04,SDoH,
Responsible maternity protection#M00,SDoH,
Pregnancy at risk#M50,SDoH,
Min Diastolic,Medical History,
Max Diastolic,Medical History,
Mean Diastolic,Medical History,
Mean Systolic,Medical History,
Min Systolic,Medical History,
Max Systolic,Medical History,
Gender,Medical History,
Age,Medical History,
SIDE OPENING ANEMIA#280.9,Medical History,
PSYCHOSIS#298.9,Medical History,SDoH
DEPRESSION#311,Medical History,SDoH
EPILEPSY#345.9,Medical History,
PAROXYSTICAL SUPRAVENTRICULAR TACHYCARDIA#427.0,Medical History,
Bronchopneumonia#485,Medical History,
CHRONIC KIDNEY INSUFFICIENCY#585,Medical History,
BENIGN PROSTATIC HYPERTROPHY transvesical adenomyomectomy#600,Medical History,
PSORIASIS#696.1,Medical History,
RIGHT HUMERUS FRACTURE composed of the head#812.20,Medical History,
SKULL CT <BENCEPHALON>#87.03,Test,
CHEST CT + CONTRAST#87.41.1,Test,
ECO UMMS#88.73.1,Test,
OBSTETRICAL ULTRASOUND <FETOPLACENTARY ULTRASOUND>#88.78,Test,
MRI LUMBOSACRAL SPINE#88.93,Test,
OTHER SUBSTANCES FOR TREATMENT OF HAEMORROIDS AND ANAL FISCALS TOPICAL#ALTRE SOSTANZE X TRATT.DI EMORROIDI E RAGADI ANALI U.TOPICO,Medication,